,企业代号,企业名称,进项价税合计,是否违约,信誉评级,合作单位总数,有效合作单位数,作废价税合计,作废合作单位总数,进项作废/有效比%,有效/作废合作单位数比%,净利润,进项月份时长,进项平均每月金额,进项负数发票次数,进项负数发票次数占比,销项金额,销项合作单位总数,销项有效合作单位数,销项作废价税合计,销项作废合作单位总数,销项作废/有效比%,销项有效/作废合作单位数比%,销项月份时长,销项平均每月金额,销项负数发票次数,销项负数发票次数占比
0,E124,个体经营E124 ,844202797.2299992,否,B,1403,1397,147978465.74000016,493,17.52878173651492,35.138987883107625,-102422429.39998746,24,35175116.55124997,342,2.240566037735849,741780367.8300117,52,52,147978465.74000016,493,19.949094389339685,948.0769230769231,24,30907515.32625049,41,3.73066424021838
1,E125,个体经营E125 ,1001201808.6000004,否,B,1789,1781,176611420.48000017,642,17.639942213744032,35.885969815539404,-59990444.10998261,35,28605765.96000001,396,2.2277227722772275,941211364.4900175,63,63,176611420.48000017,642,18.76426774507707,1019.047619047619,35,26891753.27114336,42,3.0434782608695654
2,E126,个体经营E126 ,128818723.62999997,否,A,72,72,5187617.010000002,6,4.027067544078571,8.333333333333332,391872374.18999934,35,3680534.960857141,3,0.5825242718446602,520691097.81999934,143,143,5187617.010000002,6,0.9962945461751178,4.195804195804196,35,14876888.509142835,32,2.5316455696202533
3,E127,个体经营E127 ,1765558.9399999997,否,C,297,297,89214.0,16,5.053017374769715,5.387205387205386,650172395.5899831,34,51928.20411764705,2,0.1404494382022472,651937954.5299832,25,25,89214.0,16,0.013684431068953356,64.0,35,18626798.700856663,4,0.10245901639344264
4,E128,个体经营E128 ,9360499.95000001,否,B,532,531,1427539.9300000004,53,15.250680387002175,9.962406015037594,233029651.8399956,30,312016.6650000003,15,0.4786215698787492,242390151.7899956,7,7,1427539.9300000004,53,0.5889430405723771,757.1428571428571,35,6925432.908285589,0,0.0
5,E129,个体经营E129 ,85577806.81999998,否,A,1368,1366,19235208.010000005,168,22.47686488444179,12.280701754385964,239228225.79999948,35,2445080.1948571424,29,0.4892037786774629,324806032.61999947,796,794,19235208.010000005,168,5.922059961399753,21.105527638190953,35,9280172.360571414,86,1.6599112140513417
6,E130,个体经营E130 ,77406976.12000005,否,C,517,515,8132960.88,75,10.506754413700245,14.506769825918761,32629696.760001186,30,2580232.537333335,18,0.5763688760806917,110036672.88000125,14,14,8132960.88,75,7.391136670289253,535.7142857142857,29,3794368.03034487,21,1.5897047691143074
7,E131,个体经营E131 ,125103670.24000011,否,C,906,905,13267406.13,182,10.605129413507752,20.08830022075055,83980361.54999956,35,3574390.5782857183,130,1.9917266738164543,209084031.7899997,818,818,13267406.13,182,6.345489904903665,22.249388753056234,35,5973829.479714277,42,1.3561511139812723
8,E132,个体经营E132 ,70171887.79999991,否,A,682,681,4867132.4,55,6.9360146243635885,8.064516129032258,133186374.05000348,30,2339062.926666663,10,0.19801980198019806,203358261.85000336,99,99,4867132.4,55,2.393378245723789,55.555555555555564,33,6162371.571212223,8,0.482218203737191
9,E133,个体经营E133 ,40659032.04,否,B,282,282,2394547.07,27,5.889336144658499,9.574468085106382,72995982.34000006,32,1270594.75125,2,0.12507817385866166,113655014.38000004,9,9,2394547.07,27,2.1068556306666304,300.0,35,3247286.125142859,3,2.142857142857143
10,E134,***工程咨询有限公司,4295229.3900000015,否,A,581,580,149700.0,17,3.4852620525582685,2.9259896729776247,118520240.59000131,36,119311.92750000002,7,0.4206730769230769,122815469.98000132,1672,1666,149700.0,17,0.12189018209544482,1.0167464114832536,36,3411540.832777815,58,2.0458553791887124
11,E135,***建设工程有限公司,26380957.440000005,否,A,364,364,1099170.93,28,4.166531607125778,7.6923076923076925,109156601.07999986,31,850998.6270967744,5,0.17562346329469616,135537558.51999986,73,72,1099170.93,28,0.8109714694601105,38.35616438356164,36,3764932.1811111066,14,3.8147138964577656
12,E136,***机械有限责任公司,132110009.24999969,否,C,16,16,226460.58,1,0.17141818495482436,6.25,-15457823.889999628,29,4555517.560344816,1,0.07776049766718507,116652185.36000004,4,4,226460.58,1,0.1941331654448826,25.0,29,4022489.1503448286,4,0.3115264797507788
13,E137,***建设工程有限公司,108301441.78,否,B,675,675,13310996.429999998,70,12.290691805414298,10.370370370370368,34962931.13999993,36,3008373.382777778,37,1.1779687997453039,143264372.91999993,25,25,13310996.429999998,70,9.291211875427658,280.0,36,3979565.914444442,6,2.5974025974025974
14,E138,个体经营E138 ,23875015.51,否,A,54,54,372625.0,7,1.5607319703894091,12.962962962962964,83956725.51999989,35,682143.3002857142,25,4.8828125,107831741.0299999,118,118,372625.0,7,0.3455615168972667,5.932203389830509,35,3080906.886571425,12,0.8339124391938846
15,E139,个体经营E139 ,1294008.9500000002,否,C,77,77,483633.76,5,37.374838868000104,6.493506493506493,186419518.4400017,35,36971.684285714284,2,0.43763676148796504,187713527.39000168,167,166,483633.76,5,0.2576445963828604,2.9940119760479043,35,5363243.639714334,32,0.2621017282332705
16,E140,***建筑工程有限公司,7398424.690000006,否,B,561,559,601324.65,34,8.127739014668533,6.0606060606060606,175030608.3600002,35,211383.56257142875,17,0.8403361344537815,182429033.0500002,20,19,601324.65,34,0.32962113537881266,170.0,36,5067473.140277783,22,3.0303030303030303
17,E141,***食品有限公司,41048444.15999997,否,A,208,208,1901662.21,27,4.6327266451016715,12.980769230769232,118326524.04000014,35,1172812.6902857134,3,0.2210759027266028,159374968.2000001,1183,1182,1901662.21,27,1.19320005611772,2.2823330515638207,34,4687499.064705886,144,3.2301480484522207
18,E142,***运业有限公司,55999811.83000004,否,A,96,96,2091648.74,11,3.7350995863158762,11.458333333333332,41267867.80999938,36,1555550.3286111122,11,1.5625,97267679.63999942,66,65,2091648.74,11,2.1504046850315226,16.666666666666664,36,2701879.989999984,10,0.7320644216691069
19,E143,***电子科技有限公司,36308552.32999995,否,A,598,598,1958798.4,77,5.394867804689481,12.876254180602007,54131312.1099993,37,981312.2251351337,43,1.2014529198100028,90439864.43999924,76,76,1958798.4,77,2.165857293273068,101.31578947368419,37,2444320.66054052,21,1.9108280254777068
20,E144,***劳务有限公司,9341618.739999998,否,C,671,668,230918.4,33,2.4719313261119034,4.918032786885246,94826686.99999943,29,322124.7841379309,11,0.4519309778142975,104168305.73999944,28,27,230918.4,33,0.22167817587084934,117.85714285714286,29,3592010.5427586013,58,4.6586345381526115
21,E145,***工贸有限公司,129021774.37999988,否,A,377,377,2734837.3100000005,40,2.119671135466834,10.610079575596817,-11452054.319999484,36,3583938.1772222193,18,0.6172839506172839,117569720.06000042,394,394,2734837.3100000005,40,2.3261408707993065,10.152284263959393,36,3265825.5572222336,80,2.0811654526534857
22,E146,***基础建设工程有限公司,137328170.11000004,否,B,383,383,12398434.859999998,35,9.028325980073014,9.138381201044384,-6217561.6800002465,36,3814671.3919444457,8,0.2523659305993691,131110608.4299998,63,63,12398434.859999998,35,9.4564696239813,55.555555555555564,36,3641961.345277772,32,2.2598870056497176
23,E147,***装饰工程有限责任公司,156403712.0800003,否,A,733,732,9810063.189999994,110,6.2722700500753845,15.006821282401091,31266070.99000123,36,4344547.557777787,62,1.106550062466536,187669783.07000157,145,144,9810063.189999994,110,5.227300330144679,75.86206896551724,36,5213049.529722265,24,1.0371650821089022
24,E148,***商贸有限公司,30231101.33000002,否,A,134,134,2103759.3600000003,14,6.9589239804251575,10.44776119402985,50337071.83999991,36,839752.8147222226,2,0.3913894324853229,80568173.16999993,186,186,2103759.3600000003,14,2.6111543519313014,7.526881720430107,19,4240430.166842101,1,0.3703703703703704
25,E149,***建筑劳务有限公司,637449.9400000002,否,C,109,109,8948.09,6,1.4037321895426011,5.504587155963304,100603156.32000068,34,18748.527647058832,0,0.0,101240606.26000068,10,10,8948.09,6,0.008838439763013663,60.0,32,3163768.945625021,32,2.7898866608544033
26,E150,***建设工程有限公司,88299286.07000002,否,A,463,462,2885077.5,59,3.2673848548592224,12.742980561555074,25959089.069999903,36,2452757.9463888896,16,0.4895960832313341,114258375.13999993,126,125,2885077.5,59,2.525046847957479,46.82539682539682,36,3173843.753888887,1,0.24390243902439024
27,E151,***路桥工程有限公司,11855142.480000002,否,B,172,172,1508406.3,9,12.723645477435035,5.232558139534883,90566010.47000004,34,348680.6611764707,1,0.12804097311139565,102421152.95000003,5,5,1508406.3,9,1.4727487990067578,180.0,26,3939275.11346154,0,0.0
28,E152,***运贸有限责任公司,6604612.960000001,否,B,148,148,251012.15,13,3.800558057227928,8.783783783783784,113007115.02999967,36,183461.47111111114,23,2.581369248035915,119611727.98999968,15,15,251012.15,13,0.2098558011142405,86.66666666666669,36,3322547.999722213,9,0.6048387096774194
29,E153,个体经营E153 ,93077.0,否,C,33,33,0.0,0,0.0,0.0,240930690.7600002,27,3447.2962962962956,0,0.0,241023767.7600002,6,6,0.0,0,0.0,0.0,35,6886393.3645714335,1,0.35714285714285715
30,E154,***汽车销售服务有限公司,141657840.55000004,否,A,300,300,2047630.67,26,1.445476411365498,8.666666666666668,-67199941.22000016,29,4884753.1224137945,53,1.9947308995107265,74457899.32999988,303,299,2047630.67,26,2.75005162437478,8.58085808580858,29,2567513.769999996,23,1.2665198237885462
31,E155,个体经营E155 ,85664767.67999999,否,B,50,50,3058463.68,8,3.5702702088971567,16.0,-7068980.699999942,24,3569365.32,7,1.7587939698492463,78595786.98000005,56,56,3058463.68,8,3.8913837465337346,14.285714285714285,24,3274824.457500002,9,0.8612440191387559
32,E156,个体经营E156 ,2237785.600000001,否,C,151,151,236781.02,12,10.581041365178145,7.947019867549669,151629620.61000034,32,69930.80000000003,11,1.858108108108108,153867406.21000034,32,31,236781.02,12,0.15388640507583395,37.5,35,4396211.60600001,28,7.291666666666668
33,E157,***环境设备工程有限公司,53073477.28999998,否,A,307,305,5818341.62,48,10.962804619354165,15.63517915309446,14043048.469999418,36,1474263.258055555,12,0.8152173913043478,67116525.7599994,87,86,5818341.62,48,8.669014902239859,55.17241379310346,36,1864347.937777761,75,8.169934640522875
34,E158,***装饰工程有限公司,64966054.26000001,否,B,303,300,6398258.800000002,37,9.84861844062992,12.211221122112212,14154965.130000874,30,2165535.142,13,1.1828935395814375,79121019.39000088,9,9,6398258.800000002,37,8.086673869129394,411.11111111111114,28,2825750.692500032,0,0.0
35,E159,个体经营E159 ,69981490.31000005,否,A,1037,1037,5581477.23,93,7.9756478538474775,8.968177434908391,33190281.27999993,30,2332716.343666668,13,0.2906976744186047,103171771.58999996,80,80,5581477.23,93,5.409887941229257,116.25,35,2947764.902571428,2,0.8583690987124464
36,E160,***钢结构工程有限公司,169895636.9900001,否,A,424,424,6807636.009999999,45,4.006951638434772,10.61320754716981,52937831.58999807,36,4719323.249722225,13,0.30624263839811544,222833468.57999817,65,65,6807636.009999999,45,3.0550330044142484,69.23076923076923,36,6189818.571666616,114,4.051172707889126
37,E161,***建筑劳务有限责任公司,963190.5599999995,否,B,140,140,130116.0,2,13.50885332597114,1.4285714285714286,152936908.31000018,35,27519.73028571428,0,0.0,153900098.87000018,21,21,130116.0,2,0.08454575465211969,9.523809523809524,36,4275002.746388894,3,1.2605042016806722
38,E162,***网络信息安全有限公司,143322878.65000004,否,A,1277,1273,22598252.69,192,15.767372873653894,15.035238841033676,-6361719.46999985,37,3873591.3148648664,239,2.433808553971487,136961159.1800002,100,100,22598252.69,192,16.499752795097486,192.0,36,3804476.6438888935,30,6.369426751592357
39,E163,***物流有限公司,83366658.56999996,否,A,267,267,4660620.84,26,5.590509347434916,9.737827715355806,47326987.950000204,37,2253152.934324323,10,0.3881987577639752,130693646.52000016,23,22,4660620.84,26,3.5660653475506026,113.04347826086956,36,3630379.070000005,9,0.9698275862068966
40,E164,个体经营E164 ,75769207.93999997,否,A,503,502,4768531.589999999,44,6.293495365262491,8.747514910536777,44060428.79000051,35,2164834.5125714275,37,0.902659185167114,119829636.73000048,85,84,4768531.589999999,44,3.9794258917302985,51.764705882352956,35,3423703.9065714427,21,1.445285615966965
41,E165,***文化传媒股份有限公司,92982086.56,否,A,918,917,7654882.190000001,98,8.232641870281558,10.675381263616558,21237687.670000687,36,2582835.737777778,48,1.1574632264287437,114219774.23000067,246,243,7654882.190000001,98,6.701888741773916,39.83739837398374,36,3172771.5063889083,114,4.859335038363171
42,E166,***建筑工程有限公司,3190440.610000001,否,A,73,73,138003.66999999998,3,4.325536402948432,4.10958904109589,74428233.69000144,36,88623.35027777779,0,0.0,77618674.30000144,14,14,138003.66999999998,3,0.1777969944018967,21.428571428571427,36,2156074.2861111513,258,18.46814602720115
43,E167,***体育文化股份有限公司,158300709.5799999,否,A,1095,1094,6127643.310000001,126,3.8708880877778338,11.506849315068493,-38672884.85999942,36,4397241.932777775,97,1.3718003111299677,119627824.72000048,2466,2455,6127643.310000001,126,5.1222559001990495,5.109489051094892,36,3322995.1311111245,91,1.960361912968548
44,E168,***建材有限公司,1481109.2600000002,否,C,8,8,0.0,0,0.0,0.0,88728793.64999992,24,61712.88583333334,0,0.0,90209902.90999992,12,12,0.0,0,0.0,0.0,32,2819059.4659374976,0,0.0
45,E169,***建筑设计有限公司,79325640.34999995,否,A,1016,1015,7174747.159999997,104,9.044676006829112,10.236220472440944,35505802.800000705,36,2203490.0097222207,28,0.4818447771467906,114831443.15000065,171,170,7174747.159999997,104,6.248068441174127,60.818713450292385,36,3189762.30972224,30,2.127659574468085
46,E170,***建筑劳务有限公司,33888320.120000005,否,B,230,230,5533818.78,38,16.329575382918094,16.52173913043478,37874695.51000007,36,941342.2255555557,55,4.4105854049719335,71763015.63000007,11,11,5533818.78,38,7.7112405762483345,345.45454545454544,36,1993417.1008333354,15,1.9083969465648856
47,E171,***质量检验测试站,46739413.11999999,否,A,325,325,1376940.07,45,2.9459934947510105,13.846153846153848,57669854.95000057,37,1263227.3816216213,8,0.4388370817334065,104409268.07000056,1439,1436,1376940.07,45,1.3187910378577108,3.127171646977067,36,2900257.4463889045,113,1.6112933124197921
48,E172,***物流有限公司,46505729.76999999,否,A,53,53,479109.56,6,1.0302161956591098,11.320754716981131,28397536.82000043,36,1291825.826944444,5,1.0775862068965518,74903266.59000042,94,94,479109.56,6,0.6396377378606357,6.382978723404255,36,2080646.2941666783,0,0.0
49,E173,***贸易有限责任公司,122539845.93999991,否,A,204,204,3883716.16,20,3.1693496349763755,9.803921568627453,-15703521.179999365,36,3403884.6094444413,6,0.45662100456620996,106836324.76000053,342,339,3883716.16,20,3.635201949079085,5.847953216374267,36,2967675.6877777926,31,1.3080168776371308
50,E174,***工程技术有限公司,86874940.40999995,否,B,433,433,6901641.94,28,7.9443414952899,6.466512702078522,4275096.440000147,33,2632573.9518181803,6,0.258732212160414,91150036.8500001,83,83,6901641.94,28,7.5717379592041185,33.734939759036145,32,2848438.651562503,5,0.4355400696864111
51,E175,***食品集团有限公司,89119087.07999995,否,A,599,596,9388991.239999998,53,10.535331484681548,8.848080133555927,-15117263.090000017,37,2408623.975135134,67,1.7048346055979644,74001823.98999994,1788,1773,9388991.239999998,53,12.687513271657679,2.9642058165548097,35,2114337.8282857123,66,1.7501988862370723
52,E176,***科技有限公司,4782474.640000005,否,A,868,868,173132.9,47,3.620153017685417,5.4147465437788025,78710051.15999997,37,129256.07135135151,17,0.5374644325007903,83492525.79999997,165,159,173132.9,47,0.20736335179837145,28.484848484848484,37,2256554.7513513505,67,3.4625322997416017
53,E177,***电力工程有限公司,79409705.98000003,否,A,644,644,2805086.77,53,3.5324230651432997,8.229813664596273,18307654.970002323,36,2205825.166111112,5,0.1633453119895459,97717360.95000236,154,153,2805086.77,53,2.8706124917098794,34.41558441558442,33,2961132.150000072,18,2.155688622754491
54,E178,***贸易有限公司,91884740.43999998,否,A,29,29,2439750.6,5,2.655229353989565,17.24137931034483,-13343376.060000062,36,2552353.90111111,5,1.5015015015015014,78541364.37999992,181,178,2439750.6,5,3.106325716721656,2.7624309392265194,36,2181704.5661111088,22,2.158979391560353
55,E179,***园林有限公司,37778264.89000002,否,B,350,349,6713228.739999998,41,17.770082240534567,11.714285714285715,22568996.67999936,36,1049396.2469444452,11,0.5499999999999999,60347261.56999938,41,41,6713228.739999998,41,11.12433035956907,100.0,36,1676312.8213888716,18,2.5069637883008355
56,E180,***电气有限公司,71862813.71999994,否,A,608,606,909553.82,67,1.265680778300592,11.019736842105262,2224917.749999985,37,1942238.208648647,30,0.8462623413258108,74087731.46999992,475,475,909553.82,67,1.2276713052933768,14.105263157894738,37,2002371.1208108088,7,0.3460207612456748
57,E181,***食品有限公司,97838584.02999994,否,A,373,373,3275561.8399999994,43,3.3479244129244803,11.528150134048257,-20861016.06,36,2717738.445277776,32,1.0759919300605243,76977567.96999994,180,178,3275561.8399999994,43,4.255216066681357,23.88888888888889,36,2138265.7769444427,10,0.6779661016949152
58,E182,***新材料科技有限公司,84505227.05,否,A,152,152,1868918.54,16,2.211601110655793,10.526315789473683,-7067245.579999909,36,2347367.418055556,0,0.0,77437981.47000009,42,42,1868918.54,16,2.4134391218914053,38.095238095238095,36,2151055.040833336,0,0.0
59,E183,***建设工程有限公司,27455031.159999996,否,B,416,416,1478825.62,40,5.386355642365989,9.615384615384617,37630676.97999941,33,831970.6412121209,13,0.9232954545454546,65085708.139999405,9,9,1478825.62,40,2.27212035062912,444.4444444444445,36,1807936.3372222052,2,0.2157497303128371
60,E184,***建筑装饰工程有限公司,41542696.2,否,C,461,460,2402174.75,34,5.782423794630836,7.375271149674621,11462962.929999905,31,1340086.9741935486,8,0.4067107269954245,53005659.1299999,39,39,2402174.75,34,4.531921288080782,87.1794871794872,34,1558989.9744117616,21,3.2863849765258215
61,E185,***生态魔芋有限公司,788684.14,否,A,20,19,5720.0,1,0.7252586567798865,5.0,95540337.5700002,32,24646.379375,2,2.985074626865672,96329021.7100002,312,312,5720.0,1,0.005937982031230564,0.3205128205128205,36,2675806.1586111165,8,0.1470047776552738
62,E186,***建筑劳务有限公司,3141879.25,否,B,220,220,435245.2,27,13.853021245167206,12.272727272727273,80413341.87000002,32,98183.7265625,11,1.1689691817215728,83555221.12000002,5,5,435245.2,27,0.5209072445334221,540.0,35,2387292.032000001,0,0.0
63,E187,个体经营E187 ,78798146.34,否,B,3694,3694,5545742.35,186,7.037909655984935,5.035192203573362,-75394737.27000001,24,3283256.0975,39,1.0557661072008662,3403409.0700000008,12,12,5545742.35,186,162.94668774564906,1550.0,21,162067.0985714286,0,0.0
64,E188,***硬质合金有限公司,90271570.80000016,否,A,369,369,4280654.66,48,4.741974269489496,13.008130081300814,-9558427.990000203,36,2507543.633333337,3,0.12077294685990338,80713142.80999994,241,241,4280654.66,48,5.303541047926643,19.91701244813278,36,2242031.744722221,7,0.3376748673420164
65,E189,***石油工程技术服务有限公司,32635434.69,否,B,825,825,6038853.82,38,18.503978504843992,4.6060606060606055,18074255.57999981,36,906539.8525,11,0.3296373988612526,50709690.26999981,24,24,6038853.82,38,11.90867817935111,158.33333333333331,35,1448848.2934285658,13,2.145214521452145
66,E190,***劳务有限公司,1680924.07,否,B,53,52,51000.0,3,3.034045434306857,5.6603773584905674,118253469.72000042,36,46692.335277777776,1,0.819672131147541,119934393.79000041,22,21,51000.0,3,0.04252324824295077,13.636363636363635,36,3331510.938611122,14,4.069767441860465
67,E191,***商贸有限责任公司,304103652.18999964,否,B,141,140,1311491.16,21,0.4312645213417559,14.893617021276595,-47965215.93999946,36,8447323.671944434,4,0.33984706881903143,256138436.25000015,97,97,1311491.16,21,0.5120243487080316,21.64948453608248,27,9486608.750000007,1,0.03661662394727206
68,E192,***建设工程有限公司,18895927.40000001,否,B,28,27,2186006.8,4,11.56866637834351,14.285714285714285,23222672.77000001,29,651583.7034482762,3,3.0612244897959178,42118600.17000002,7,7,2186006.8,4,5.1901221578513805,57.14285714285714,36,1169961.1158333337,2,2.9411764705882346
69,E193,个体经营E193 ,19545794.710000016,否,A,283,283,1327240.2,48,6.790413077043921,16.96113074204947,102771035.0200052,35,558451.2774285718,6,0.3898635477582846,122316829.7300052,2484,2478,1327240.2,48,1.08508387842431,1.932367149758454,35,3494766.5637144344,367,1.2202014828606575
70,E194,***文化传播有限公司,11882193.02000002,否,A,914,913,796813.81,62,6.705949050472492,6.783369803063457,77090571.58999988,32,371318.5318750006,11,0.23123817532058025,88972764.60999991,3229,3210,796813.81,62,0.8955704742824679,1.9200991018891296,32,2780398.8940624967,391,3.537501130914684
71,E195,***医药有限公司,86953398.84999987,否,A,511,510,4652801.09,39,5.3509134220576895,7.632093933463796,22950109.300000384,36,2415372.1902777744,46,2.0291133656815177,109903508.15000026,393,391,4652801.09,39,4.2335328219456745,9.923664122137405,36,3052875.2263888963,81,1.7509727626459144
72,E196,***地质制图印刷厂,48827578.51999994,否,A,154,154,928503.71,28,1.9015968805819068,18.181818181818183,23698624.60000015,37,1319664.2843243228,9,0.6736526946107785,72526203.1200001,689,682,928503.71,28,1.280232067937874,4.063860667634253,37,1960167.6518918944,86,3.121597096188748
73,E197,***医疗设备有限公司,115851962.72999944,否,C,805,805,5287884.53,64,4.564346089089367,7.95031055900621,65860117.56000501,33,3510665.5372727113,4,0.06300204756654591,181712080.2900045,1202,1201,5287884.53,64,2.910034666688516,5.324459234608986,33,5506426.675454681,52,1.2839506172839503
74,E198,***商贸有限公司,66423102.82000003,否,A,210,210,2393908.6,19,3.6040300714154423,9.047619047619047,-9016480.100000067,36,1845086.1894444453,0,0.0,57406622.71999996,42,42,2393908.6,19,4.170091335413089,45.23809523809525,36,1594628.4088888878,55,7.554945054945056
75,E199,***建筑劳务有限公司,169812.22999999998,否,C,25,25,37506.61,1,22.087107624698177,4.0,59405729.86000057,20,8490.611499999999,0,0.0,59575542.09000056,3,3,37506.61,1,0.06295638895461311,33.33333333333333,24,2482314.253750024,90,11.138613861386142
76,E200,个体经营E200 ,54647680.98999994,否,B,133,133,2069873.87,18,3.787670094141359,13.533834586466165,-7484387.540000051,35,1561362.3139999982,6,0.4995836802664446,47163293.44999989,50,50,2069873.87,18,4.388739035356753,36.0,34,1387155.689705879,12,2.127659574468085
77,E201,***物流有限责任公司,43770069.97000001,否,A,105,105,2098135.9,9,4.793540200959381,8.571428571428571,4277882.509999962,36,1215835.2769444443,1,0.21598272138228944,48047952.47999997,170,168,2098135.9,9,4.366754027392431,5.294117647058823,36,1334665.3466666655,16,1.4760147601476017
78,E202,个体经营E202 ,11370529.87,否,B,107,107,1675724.9600000004,20,14.737439496300276,18.69158878504673,87899107.73000133,33,344561.51121212123,2,0.5494505494505495,99269637.60000134,5,5,1675724.9600000004,20,1.688053870763781,400.0,34,2919695.223529451,0,0.0
79,E203,***建设工程有限公司,25086194.94000001,否,B,338,338,4007860.54,35,15.97635890809991,10.355029585798817,22560312.23999968,35,716748.4268571432,3,0.2626970227670753,47646507.1799997,27,27,4007860.54,35,8.411656545691889,129.62962962962962,36,1323514.0883333248,2,0.3460207612456748
80,E204,***科技发展有限公司,65758081.65999986,否,A,1205,1204,8251347.27,96,12.548035255443336,7.966804979253111,26333686.62000043,36,1826613.3794444404,46,0.914694770332074,92091768.28000028,373,370,8251347.27,96,8.95991837719111,25.7372654155496,36,2558104.6744444524,33,2.4645257654966395
81,E205,个体经营E205 ,27480110.5,否,B,15,15,5147082.0,3,18.73020852663602,20.0,46773106.20999999,27,1017781.8703703705,1,0.7299270072992701,74253216.71,71,71,5147082.0,3,6.93179666559391,4.225352112676056,35,2121520.477428572,9,0.9307135470527405
82,E206,***建设工程有限公司,77314494.32999992,否,A,889,889,6866161.55,74,8.880820613911409,8.323959505061866,18693625.100001186,36,2147624.842499998,6,0.16868147315153215,96008119.43000112,307,307,6866161.55,74,7.1516467469254765,24.104234527687296,36,2666892.20638892,1,0.1095290251916758
83,E207,个体经营E207 ,76808936.76000014,否,B,267,267,2090711.42,28,2.7219637560310317,10.486891385767793,44127406.04000184,30,2560297.8920000046,13,0.3941782898726501,120936342.80000198,17,17,2090711.42,28,1.7287701708141665,164.70588235294116,34,3556951.258823588,10,0.7178750897343862
84,E208,个体经营E208 ,87822606.11999999,否,A,44,44,743570.4,8,0.8466731207953364,18.181818181818183,-12268824.090000138,35,2509217.3177142856,1,0.10384215991692627,75553782.02999985,80,79,743570.4,8,0.984160395444868,10.0,35,2158679.486571424,20,2.2296544035674466
85,E209,***工程检测有限公司,46289901.63999997,否,A,1599,1599,3704715.4300000006,140,8.003290779945589,8.755472170106318,19411083.52999962,36,1285830.6011111105,18,0.22145669291338585,65700985.16999959,488,485,3704715.4300000006,140,5.638751717975227,28.688524590163933,36,1825027.3658333218,61,4.987735077677842
86,E210,***建筑工程有限公司,6181181.389999998,否,B,153,153,229748.9,10,3.7169092039863294,6.535947712418301,47501811.33000034,30,206039.37966666656,3,0.5597014925373134,53682992.72000034,3,3,229748.9,10,0.4279733456708048,333.33333333333337,36,1491194.2422222316,0,0.0
87,E211,个体经营E211 ,22578145.790000007,否,A,105,105,207833.1,9,0.9205056160637006,8.571428571428571,26492798.19999989,32,705567.0559375002,3,0.7444168734491315,49070943.98999989,82,82,207833.1,9,0.4235359728199932,10.975609756097562,35,1402026.971142854,15,1.020408163265306
88,E212,***建电管理咨询有限公司,157443.53999999998,否,A,49,49,16000.0,4,10.162373127535117,8.16326530612245,76732634.22999997,33,4771.016363636363,0,0.0,76890077.76999998,121,121,16000.0,4,0.02080892680049113,3.3057851239669422,37,2078110.2099999997,20,1.3360053440213762
89,E213,***科技有限公司,51200703.77000002,否,A,592,591,3016199.400000001,52,5.890933479252835,8.783783783783784,6496511.829999767,36,1422241.771388889,18,0.8559201141226819,57697215.59999978,248,247,3016199.400000001,52,5.22763424306391,20.967741935483872,36,1602700.4333333273,23,2.003484320557491
90,E214,***建筑工程有限公司,38009318.07999997,否,A,154,154,3039445.54,26,7.996580032303497,16.883116883116884,26243065.36000015,36,1055814.3911111106,2,0.2890173410404624,64252383.44000012,218,217,3039445.54,26,4.7304790534942285,11.926605504587155,36,1784788.4288888918,14,1.9635343618513323
91,E215,***建筑工程有限公司,238954.21,否,C,69,69,2788.0,4,1.1667507343771009,5.797101449275362,67263799.99000095,36,6637.616944444445,0,0.0,67502754.20000094,8,8,2788.0,4,0.004130201845897365,50.0,27,2500102.0074074417,0,0.0
92,E216,***建设工程有限公司,36069341.09999998,否,B,570,570,3746996.0799999987,55,10.38831308177127,9.649122807017543,22256600.14999961,37,974847.0567567563,16,0.4790419161676647,58325941.24999959,30,29,3746996.0799999987,55,6.424235939784384,183.3333333333333,33,1767452.7651515028,5,0.7299270072992701
93,E217,个体经营E217 ,61169230.95,否,B,202,202,4899378.0,12,8.009546505504987,5.9405940594059405,-58734994.34,24,2548717.9562500003,0,0.0,2434236.61,15,15,4899378.0,12,201.26958816875248,80.0,16,152139.78812499993,0,0.0
94,E218,***建设工程有限公司,43546796.87999998,否,B,269,269,3702489.76,40,8.502323994581715,14.869888475836431,-4218242.650000028,36,1209633.246666666,4,0.3898635477582846,39328554.22999995,43,43,3702489.76,40,9.41425341584443,93.02325581395347,34,1156722.1832352928,0,0.0
95,E219,***品牌营销策划有限公司,40182970.92999997,否,B,757,755,3208540.67,84,7.984826894928652,11.096433289299867,-4540346.979999982,36,1116193.6369444437,41,0.9537101651546872,35642623.94999999,27,27,3208540.67,84,9.001976606719499,311.1111111111112,31,1149762.0629032254,33,6.720977596741344
96,E220,***文化传播有限公司,58410598.91999982,否,A,1570,1569,4325316.409999998,138,7.405019790884235,8.789808917197451,21875732.180000074,36,1622516.6366666616,50,0.8759635599159075,80286331.09999989,147,147,4325316.409999998,138,5.387363391425423,93.87755102040815,36,2230175.863888886,11,0.8921330089213302
97,E221,***测绘服务有限公司,34053737.94999999,否,A,954,953,1810957.0800000003,38,5.317939201443818,3.9832285115303994,11917980.459999815,28,1216204.9267857138,11,0.2483630616391962,45971718.409999795,296,296,1810957.0800000003,38,3.9392851575591297,12.837837837837837,27,1702656.2374074,14,2.147239263803681
98,E222,***数码科技有限公司,57382956.21000004,否,B,928,928,7645429.149999994,134,13.3235191334873,14.439655172413795,5232844.200000107,36,1593971.0058333343,96,2.2196531791907512,62615800.41000015,66,65,7645429.149999994,134,12.21006375377894,203.03030303030303,36,1739327.789166671,26,2.541544477028348
99,E223,***科技有限公司,43578339.99999996,否,B,785,783,3265015.0100000007,75,7.492288623201351,9.554140127388537,-12192873.219999932,18,2421018.8888888857,20,0.7984031936127743,31385466.780000024,52,52,3265015.0100000007,75,10.402951891353066,144.23076923076925,16,1961591.6737500012,21,4.402515723270441
100,E224,***纸业有限公司,114283500.84000002,否,B,103,102,12716588.21,15,11.127230192049826,14.563106796116505,-18336766.34000008,36,3174541.6900000004,5,0.6915629322268326,95946734.49999994,41,41,12716588.21,15,13.253799909156893,36.58536585365854,36,2665187.0694444426,14,1.2612612612612613
101,E225,***物业服务有限责任公司***分公司,48074903.04999995,否,A,680,680,2832327.7900000005,83,5.891489343315491,12.205882352941178,20611515.189999957,37,1299321.7040540527,48,1.150251617541337,68686418.2399999,470,470,2832327.7900000005,83,4.123563089435605,17.65957446808511,37,1856389.68216216,100,1.2026458208057726
102,E226,***建设工程有限公司,51733363.85999999,否,B,219,219,2369372.36,15,4.579969642824615,6.849315068493151,-7019252.500000037,32,1616667.6206249997,29,2.8375733855185907,44714111.35999996,26,25,2369372.36,15,5.298936483214059,57.69230769230769,36,1242058.6488888876,6,1.162790697674419
103,E227,***安全技术有限公司,55296639.10000004,否,B,554,553,4993268.080000001,83,9.02996666934862,14.981949458483756,551480.249999754,34,1626371.7382352953,18,0.6479481641468683,55848119.34999979,72,70,4993268.080000001,83,8.940798970699841,115.27777777777777,36,1551336.6486111053,6,0.8733624454148471
104,E228,***文化发展有限公司,32773989.929999925,否,A,603,603,1921003.91,44,5.861367243057563,7.296849087893864,27191648.37999968,36,910388.6091666644,10,0.37523452157598497,59965638.30999961,156,152,1921003.91,44,3.2035078157079533,28.2051282051282,36,1665712.1752777668,104,10.473313192346426
105,E229,***家贸易有限公司,64719255.23000009,否,B,227,227,1971911.23,26,3.046869471832143,11.453744493392069,-9945076.910000168,36,1797757.0897222243,8,0.5095541401273885,54774178.31999992,30,30,1971911.23,26,3.600074506786327,86.66666666666669,36,1521504.953333331,1,0.129366106080207
106,E230,***建筑劳务有限公司,125526.73,否,A,17,17,309.0,1,0.2461627097272429,5.882352941176469,49183453.30000024,36,3486.853611111112,0,0.0,49308980.03000024,61,61,309.0,1,0.0006266607011785689,1.639344262295082,35,1408828.0008571497,20,3.3783783783783785
107,E231,***建筑科技有限公司,37507897.08999999,否,B,133,133,1657493.0,9,4.419050729564644,6.7669172932330826,-4131732.389999852,36,1041886.0302777777,0,0.0,33376164.700000133,7,7,1657493.0,9,4.9660978572531835,128.57142857142858,36,927115.6861111148,0,0.0
108,E232,***投资发展有限责任公司,37485137.51999999,否,A,151,148,639439.0800000001,24,1.7058469631032591,15.894039735099339,10485582.119999982,37,1013111.8248648646,39,4.987212276214834,47970719.63999997,4,4,639439.0800000001,24,1.3329778765020013,600.0,25,1918828.7855999991,9,7.9646017699115035
109,E233,***劳务有限公司,434065.07,否,C,194,194,11167.68,7,2.572812412664304,3.608247422680412,19554603.830000013,25,17362.6028,0,0.0,19988668.900000013,3,3,11167.68,7,0.05587005345813694,233.33333333333331,23,869072.5608695658,0,0.0
110,E234,***机电设备商贸有限公司,5003351.240000001,否,A,205,205,87988.34000000003,16,1.758588109836558,7.804878048780488,34831985.88999993,28,178691.11571428576,1,0.1088139281828074,39835337.12999993,137,137,87988.34000000003,16,0.22088011885742556,11.678832116788321,28,1422690.6117857115,4,0.6896551724137931
111,E235,个体经营E235 ,16186123.559999993,否,A,122,122,497321.24,13,3.072516023719272,10.655737704918034,23838468.979999997,29,558142.1917241376,0,0.0,40024592.539999984,191,191,497321.24,13,1.2425391701439172,6.806282722513089,34,1177193.8982352936,4,0.42372881355932196
112,E236,个体经营E236 ,5311970.83,否,C,69,69,162888.0,4,3.0664325014751634,5.797101449275362,39335239.06,29,183171.40793103448,1,0.5076142131979695,44647209.89,29,29,162888.0,4,0.3648335481686692,13.79310344827586,33,1352945.7542424242,13,2.509652509652509
113,E237,个体经营E237 ,18682233.070000004,否,B,324,323,1547097.65,29,8.281117381435173,8.950617283950617,1110484.8799999692,27,691934.5581481485,104,5.473684210526316,19792717.949999973,8,8,1547097.65,29,7.8164992494120895,362.5,16,1237044.8718749983,0,0.0
114,E238,个体经营E238 ,17066655.729999993,否,A,760,756,1473742.88,59,8.635217721122922,7.763157894736842,39362848.25000073,30,568888.5243333331,23,0.6039915966386555,56429503.98000073,2199,2179,1473742.88,59,2.611653082264043,2.6830377444292863,35,1612271.542285735,557,4.948471926083867
115,E239,个体经营E239 ,29195181.18000003,否,B,46,45,4594983.1,5,15.738840843871055,10.869565217391305,-2925033.219999999,32,912349.4118750008,5,1.3623978201634876,26270147.96000003,33,33,4594983.1,5,17.49127224938551,15.151515151515152,23,1142180.346086958,3,0.9803921568627452
116,E240,个体经营E240 ,31471963.89999999,否,C,1085,1085,2056621.07,37,6.5347719530143475,3.410138248847926,-14454986.38,24,1311331.8291666664,1,0.09216589861751152,17016977.519999992,2,2,2056621.07,37,12.085701280282354,1850.0,20,850848.8759999996,0,0.0
117,E241,个体经营E241 ,6762265.8599999985,否,B,112,112,271293.6,10,4.011874209275765,8.928571428571429,31136538.36,31,218137.60838709676,1,0.2409638554216868,37898804.22,36,36,271293.6,10,0.7158368333342628,27.777777777777782,35,1082822.9777142857,5,0.6934812760055479
118,E242,个体经营E242 ,21014215.229999986,否,B,503,503,447554.11,10,2.129768373938941,1.9880715705765408,-19495495.969999984,24,875592.3012499993,0,0.0,1518719.2599999998,11,11,447554.11,10,29.469179840387355,90.9090909090909,23,66031.27217391304,0,0.0
119,E243,***科技有限公司,4894376.41,否,C,131,131,89841.0,9,1.835596457527058,6.870229007633588,27196656.99999998,32,152949.2628125,2,0.2936857562408223,32091033.40999998,35,35,89841.0,9,0.2799567058255107,25.71428571428571,33,972455.5578787872,0,0.0
120,E244,个体经营E244 ,15959235.1,否,B,153,153,1698966.02,29,10.645660705881825,18.954248366013076,18902960.18999997,35,455978.1457142858,7,0.6334841628959276,34862195.28999998,20,20,1698966.02,29,4.87337646372298,145.0,33,1056430.1603030295,13,2.9345372460496613
121,E245,***建筑劳务有限公司,147888.79000000007,否,C,64,64,308.0,1,0.2082646020702448,1.5625,25022721.59999997,33,4481.478484848486,0,0.0,25170610.38999997,33,33,308.0,1,0.0012236493085696694,3.0303030303030303,28,898950.3710714275,18,5.825242718446603
122,E246,***物业服务有限公司,7103468.010000003,否,A,409,408,434161.83,37,6.111969947479216,9.04645476772616,24274283.45000005,31,229144.12935483878,11,0.8474576271186439,31377751.46000005,121,121,434161.83,37,1.3836613836191032,30.57851239669421,36,871604.2072222236,14,1.8691588785046729
123,E247,***石化有限公司,13781515.220000004,否,B,185,185,735296.3,15,5.335380676668438,8.108108108108109,7930993.580000008,37,372473.3843243244,7,0.7650273224043715,21712508.80000001,10,10,735296.3,15,3.386510083993609,150.0,35,620357.3942857146,0,0.0
124,E248,***智能科技有限公司,15029356.669999987,否,B,262,261,1368032.97,22,9.10240537927164,8.396946564885496,5839420.4300000165,36,417482.1297222219,9,0.6139154160982265,20868777.100000005,118,114,1368032.97,22,6.555405539311643,18.644067796610173,36,579688.252777778,6,1.6997167138810199
125,E249,***建筑工程有限公司,28404068.35,否,B,106,106,11071285.0,8,38.977814246810176,7.547169811320754,23415753.350000426,36,789001.8986111111,1,0.16129032258064516,51819821.70000043,3,3,11071285.0,8,21.364961585732182,266.66666666666663,31,1671607.151612917,0,0.0
126,E250,***塑料厂,9594722.739999998,否,A,127,127,479479.0,10,4.997320016357243,7.874015748031495,22849222.94999997,37,259316.8308108108,9,2.107728337236534,32443945.68999997,102,101,479479.0,10,1.4778689515183947,9.803921568627453,37,876863.3970270263,22,3.333333333333333
127,E251,***医疗器械有限责任公司,10160269.830000008,否,B,347,347,1333418.89,49,13.123853129006898,14.121037463976945,2699607.0499999896,29,350354.13206896576,23,1.6974169741697416,12859876.879999995,130,130,1333418.89,49,10.368830918387458,37.692307692307686,36,357218.8022222221,14,5.109489051094892
128,E252,***印务有限公司,30305520.779999994,否,B,111,111,2694936.73,30,8.892560367345716,27.02702702702703,8977863.219999991,36,841820.0216666666,4,0.4419889502762431,39283383.99999999,40,40,2694936.73,30,6.860245873929803,75.0,36,1091205.1111111108,10,1.9342359767891684
129,E253,***钢结构工程有限公司,19912674.390000004,否,B,319,319,868069.9400000002,24,4.359383993322053,7.523510971786834,3812861.1900000162,35,568933.5540000001,5,0.4180602006688963,23725535.58000002,105,105,868069.9400000002,24,3.6588001862927784,22.857142857142854,36,659042.6550000006,3,0.9433962264150944
130,E254,***设备安装工程有限公司,3614013.58,否,B,39,39,800000.0,1,22.136054065408352,2.564102564102564,33586345.14000004,35,103257.53085714288,0,0.0,37200358.72000004,22,22,800000.0,1,2.1505168969510393,4.545454545454546,36,1033343.2977777787,2,0.43859649122807015
131,E255,个体经营E255 ,12836662.390000004,否,B,311,311,1978080.23,18,15.409614819666526,5.787781350482316,25769819.44999997,33,388989.7693939395,7,0.5259203606311045,38606481.83999997,19,19,1978080.23,18,5.123699792687459,94.73684210526315,35,1103042.3382857137,30,5.0083472454090145
132,E256,***物资有限公司,11913715.210000005,否,B,54,53,474140.48,8,3.979786923243063,14.814814814814813,18012645.88000001,36,330936.5336111113,3,1.1111111111111112,29926361.09000002,211,211,474140.48,8,1.5843572781003283,3.791469194312796,36,831287.8080555559,8,0.8968609865470852
133,E257,***门窗安装有限公司,17434981.260000005,否,C,97,97,979333.56,8,5.61706115650852,8.24742268041237,6358673.629999942,29,601206.2503448278,2,0.5934718100890208,23793654.88999995,39,38,979333.56,8,4.115944206669973,20.51282051282051,29,820470.8582758603,11,3.4700315457413247
134,E258,***国际货运有限公司,15662959.580000002,否,A,248,248,1033470.71,34,6.598182832059635,13.709677419354836,52383518.95999996,37,423323.23189189186,23,1.0300044782803404,68046478.53999996,193,191,1033470.71,34,1.518771775077959,17.616580310880828,37,1839094.0145945938,52,2.184873949579832
135,E259,***文化传媒有限公司,19761380.980000027,否,B,521,521,2112947.57,81,10.692307243802741,15.547024952015354,11964242.129999958,36,548927.2494444451,22,0.9478672985781992,31725623.109999985,211,210,2112947.57,81,6.66006641595006,38.38862559241706,36,881267.3086111107,16,2.263083451202263
136,E260,***广告有限公司,20332238.690000024,否,A,258,258,915987.55,19,4.505099334932108,7.3643410852713185,1836344.469999954,36,564784.4080555561,9,0.6701414743112435,22168583.159999974,289,288,915987.55,19,4.131917422908506,6.57439446366782,36,615793.9766666661,24,1.7081850533807832
137,E261,***医疗器械有限公司,9843435.94000001,否,A,457,457,568372.5,35,5.774127077826033,7.658643326039388,6124263.439999985,36,273428.7761111114,9,0.672645739910314,15967699.379999995,131,130,568372.5,35,3.5595140318830336,26.7175572519084,36,443547.20499999984,24,1.7556693489392832
138,E262,个体经营E262 ,18858875.210000005,否,C,42,42,347110.52,5,1.840568518190009,11.904761904761903,5665088.090000015,35,538825.0060000003,0,0.0,24523963.30000002,199,198,347110.52,5,1.4153932451856168,2.512562814070352,35,700684.6657142864,9,1.3719512195121952
139,E263,***通信工程有限公司,15049140.910000002,否,B,148,148,153410.55,4,1.019397392299385,2.702702702702702,11182417.980000043,36,418031.69194444455,1,0.20408163265306126,26231558.890000045,15,15,153410.55,4,0.5848319981413035,26.66666666666667,36,728654.4136111124,18,4.455445544554455
140,E264,个体经营E264 ,27083599.90999997,否,B,1502,1502,6756171.58,108,24.94561875988075,7.1904127829560585,-25910564.20999997,24,1128483.3295833322,11,0.7323568575233023,1173035.6999999995,8,8,6756171.58,108,575.9561776338097,1350.0,21,55858.84285714285,0,0.0
141,E265,***净化工程有限公司,23719602.210000016,否,B,477,475,3882884.72,36,16.36994029504847,7.547169811320754,92764.41999997573,32,741237.5690625005,13,0.660569105691057,23812366.62999999,62,62,3882884.72,36,16.306168892545735,58.064516129032256,32,744136.4571874997,16,3.9900249376558596
142,E266,***煤矿机械有限公司,1331567.42,否,B,83,83,184441.0,4,13.851420305852782,4.819277108433735,24958030.07,35,38044.78342857143,2,0.6920415224913495,26289597.49,16,15,184441.0,4,0.7015740734340167,25.0,33,796654.4693939394,9,2.0
143,E267,***林园艺场,1041604.0,否,C,41,41,11074.0,3,1.0631679601844846,7.317073170731707,16451538.050000004,18,57866.88888888888,0,0.0,17493142.050000004,11,11,11074.0,3,0.06330480806905697,27.27272727272727,17,1029008.3558823531,5,2.4752475247524752
144,E268,***建筑劳务有限公司,6029728.0,否,B,19,19,217000.0,2,3.598835635703633,10.526315789473683,19561787.940000065,26,231912.61538461535,0,0.0,25591515.940000065,9,9,217000.0,2,0.8479372636961475,22.222222222222218,36,710875.4427777795,9,2.631578947368421
145,E269,***节能服务有限公司,1035305.25,否,C,69,69,2599.0,1,0.2510370733655605,1.4492753623188406,29025385.19999999,31,33396.9435483871,0,0.0,30060690.44999999,19,19,2599.0,1,0.008645842663936552,5.263157894736842,35,858876.8699999999,9,4.639175257731959
146,E270,个体经营E270 ,6742372.369999995,否,C,90,90,97186.64,8,1.4414309187731809,8.888888888888891,13301785.830000008,35,192639.21057142844,4,0.7299270072992701,20044158.200000007,40,40,97186.64,8,0.4848626668691928,20.0,34,589534.0647058825,10,2.985074626865672
147,E271,***科技有限公司,30113470.37000001,否,B,507,507,2127275.18,37,7.064198027867483,7.2978303747534525,90731.00000001118,36,836485.2880555559,8,0.4884004884004884,30204201.370000023,94,93,2127275.18,37,7.042977743198638,39.361702127659576,36,839005.5936111117,15,3.4090909090909087
148,E272,个体经营E272 ,4830779.88,否,C,283,282,343423.9,22,7.109077799669897,7.773851590106008,9016867.61999999,35,138022.2822857143,14,1.1986301369863013,13847647.499999987,72,71,343423.9,22,2.480016190475677,30.555555555555557,35,395647.0714285711,33,6.088560885608857
149,E273,个体经营E273 ,10496619.799999993,否,B,318,317,1178142.25,38,11.224015658831432,11.949685534591195,12508108.479999747,28,374879.27857142827,18,1.2328767123287672,23004728.27999974,5120,5117,1178142.25,38,5.121304784218097,0.7421875,34,676609.6552941101,13,0.163296068333124
150,E274,***建筑劳务有限公司,36788.0,否,C,9,9,0.0,0,0.0,0.0,11696902.960000016,20,1839.4,0,0.0,11733690.960000016,15,15,0.0,0,0.0,0.0,20,586684.5480000007,2,1.4705882352941175
151,E275,***网络工程有限公司,1784574.9500000004,否,B,97,97,207534.31,9,11.62934120531054,9.278350515463918,18852291.08000001,34,52487.498529411765,6,1.6483516483516485,20636866.03000001,45,45,207534.31,9,1.005648385265017,20.0,37,557753.1359459462,24,6.722689075630252
152,E276,***体育设施工程有限公司,4290675.120000002,否,B,243,243,568260.6,12,13.24408360239588,4.938271604938271,7892164.22999997,32,134083.59750000006,1,0.09784735812133072,12182839.349999972,20,20,568260.6,12,4.664434814204467,60.0,36,338412.2041666659,8,4.733727810650888
153,E277,***消防设备制造有限公司,14119097.810000002,否,C,81,81,654957.7100000001,7,4.6388070881987895,8.641975308641975,3988780.469999992,29,486865.441724138,2,0.6269592476489028,18107878.279999994,36,35,654957.7100000001,7,3.6169765439797312,19.44444444444445,29,624409.5958620687,1,0.3937007874015748
154,E278,***贸易有限公司,12680187.660000013,否,B,98,98,1371527.84,5,10.816305537232077,5.1020408163265305,337678.3399999905,36,352227.4350000003,2,0.5141388174807198,13017866.000000002,38,38,1371527.84,5,10.535734812449288,13.157894736842106,36,361607.38888888893,2,0.9009009009009008
155,E279,***环保包装有限公司,18815634.029999986,否,C,90,90,944430.3400000002,9,5.019391525654588,10.0,4127585.620000001,29,648814.9665517237,4,0.6666666666666667,22943219.64999999,7,7,944430.3400000002,9,4.116381024142793,128.57142857142858,29,791145.5051724133,33,6.6000000000000005
156,E280,个体经营E280 ,14112182.980000004,否,B,103,103,150698.91999999998,6,1.0678639882544942,5.825242718446603,2968370.2299999874,28,504006.5350000002,0,0.0,17080553.209999993,125,125,150698.91999999998,6,0.8822836013986459,4.8,35,488015.80599999975,4,0.7285974499089253
157,E281,***商业管理有限责任公司,21614464.910000004,否,B,186,186,698503.0599999999,30,3.2316463206860844,16.129032258064516,-5281354.729999973,33,654983.7851515153,0,0.0,16333110.18000003,43,43,698503.0599999999,30,4.276607775874312,69.76744186046511,32,510409.6931250009,3,0.5444646098003629
158,E282,***影城有限公司***分公司,12876647.509999998,否,A,93,91,835464.4500000002,21,6.488214027379245,22.58064516129032,8194955.980000038,37,348017.5002702702,19,2.5265957446808507,21071603.49000004,562,561,835464.4500000002,21,3.9648831205298967,3.7366548042704624,37,569502.7970270279,18,0.9188361408882084
159,E283,***机械铸造有限责任公司,17369732.989999983,否,B,107,107,860171.4600000002,17,4.952128282543052,15.887850467289717,2275732.240000017,36,482492.58305555506,0,0.0,19645465.23,20,20,860171.4600000002,17,4.378473352142652,85.0,36,545707.3675,0,0.0
160,E284,***成焊科技有限公司,12229856.170000006,否,B,120,120,942918.02,20,7.709968186813104,16.666666666666664,3797858.7100000023,37,330536.6532432434,5,0.4965243296921549,16027714.880000008,125,125,942918.02,20,5.883047128425082,16.0,36,445214.30222222244,2,0.4662004662004662
161,E285,个体经营E285 ,18423110.880000006,否,B,224,224,2712434.2,18,14.722997748141436,8.035714285714286,11793609.940000005,35,526374.5965714287,4,0.547945205479452,30216720.82000001,53,53,2712434.2,18,8.976600128643607,33.9622641509434,35,863334.8805714288,7,1.5283842794759823
162,E286,***印务有限公司,12889214.06,否,C,79,79,571203.2,11,4.4316371606602045,13.924050632911394,-761352.5299999993,23,560400.6113043479,0,0.0,12127861.53,32,31,571203.2,11,4.7098426922755285,34.375,23,527298.3273913043,5,2.512562814070352
163,E287,***鞋材有限公司,16489546.810000002,否,B,94,94,1617929.11,22,9.811847036443806,23.40425531914893,-1446137.6799999978,36,458042.9669444445,3,0.7109004739336493,15043409.130000005,26,26,1617929.11,22,10.755069519271922,84.61538461538461,36,417872.4758333335,1,0.3745318352059925
164,E288,个体经营E288 ,15170160.330000013,否,B,125,125,407405.87,6,2.6855739236606984,4.8,843576.1999999919,31,489360.01064516173,1,0.17391304347826084,16013736.530000005,36,35,407405.87,6,2.5441024912378767,16.666666666666664,33,485264.7433333335,4,1.6666666666666667
165,E289,***运业有限公司***分公司,7872247.510000007,否,A,170,170,546736.0700000001,9,6.945107725658889,5.294117647058823,13179355.010000022,37,212763.4462162164,9,0.2721499848805564,21051602.52000003,398,394,546736.0700000001,9,2.5971232806650932,2.261306532663317,36,584766.7366666675,24,1.5315890236119976
166,E290,***机电有限公司,6097913.969999998,否,A,218,218,108476.58,11,1.778912928809326,5.045871559633029,10796354.350000016,37,164808.48567567562,6,0.6984866123399301,16894268.320000015,110,109,108476.58,11,0.6420910213174589,10.0,36,469285.23111111147,19,1.9230769230769231
167,E291,***文业建设工程有限公司,18636178.799999993,否,B,117,117,1558453.9700000002,15,8.362518876455514,12.82051282051282,-7412703.079999993,35,532462.2514285712,9,2.419354838709677,11223475.72,5,5,1558453.9700000002,15,13.885662595793455,300.0,26,431672.14307692315,2,1.5503875968992251
168,E292,***物流有限公司,7488456.999999997,否,C,83,83,103169.1,5,1.3777083850518212,6.024096385542169,4116529.8700001324,34,220248.73529411762,0,0.0,11604986.87000013,20,20,103169.1,5,0.8890066068639926,25.0,34,341323.143235298,2,0.1564945226917058
169,E293,***物资有限公司,8573544.459999999,否,B,27,27,1116416.09,2,13.021639943767203,7.4074074074074066,-877358.7099999944,35,244958.4131428571,0,0.0,7696185.750000005,3,3,1116416.09,2,14.506095957988013,66.66666666666666,36,213782.9375000001,0,0.0
170,E294,个体经营E294 ,4566083.580000003,否,B,234,234,384456.18,15,8.419823537264286,6.41025641025641,18075236.30999999,29,157451.15793103454,4,0.4733727810650888,22641319.889999993,47,47,384456.18,15,1.6980290100923092,31.914893617021278,35,646894.8539999998,1,0.3225806451612903
171,E295,***电器设备制造有限公司,12865263.94,否,B,213,213,981971.6,23,7.632735749376317,10.798122065727698,810192.4800000023,36,357368.4427777778,1,0.12224938875305626,13675456.420000002,57,56,981971.6,23,7.180539865301255,40.35087719298245,36,379873.7894444445,3,1.4563106796116505
172,E296,***装饰设计工程有限公司,5806430.69,否,B,381,381,2093957.8,47,36.06273650361957,12.335958005249346,6564836.469999977,32,181450.9590625,28,1.9363762102351316,12371267.159999978,18,18,2093957.8,47,16.925976724279256,261.11111111111114,33,374886.88363636297,19,8.67579908675799
173,E297,***建筑机械租赁有限公司,11818960.0,否,C,10,10,0.0,0,0.0,0.0,1827040.0400000028,31,381256.7741935484,0,0.0,13646000.040000005,3,3,0.0,0,0.0,0.0,23,593304.3495652175,0,0.0
174,E298,***电器维护服务有限公司,5748300.060000002,否,A,70,70,85285.55,7,1.4836655899970532,10.0,10480013.109999906,28,205296.4307142858,10,1.1086474501108647,16228313.169999907,253,251,85285.55,7,0.5255355199680343,2.766798418972332,37,438603.05864864617,29,1.1904761904761905
175,E299,***压缩天然气有限责任公司,26824293.28999999,否,B,109,109,467199.75,13,1.7417038538501608,11.926605504587155,-7141587.299999977,37,724980.8997297295,6,1.0526315789473684,19682705.990000013,265,265,467199.75,13,2.3736560930055317,4.905660377358491,37,531965.0267567572,6,1.2121212121212122
176,E300,***建设工程有限公司,16132911.69,否,B,232,232,652431.6599999999,21,4.04410358487495,9.051724137931034,2406024.099999981,34,474497.4026470588,2,0.2677376171352075,18538935.78999998,23,23,652431.6599999999,21,3.5192508749716134,91.30434782608695,32,579341.7434374994,4,1.7937219730941705
177,E301,***企业管理咨询有限公司,4118577.669999996,否,C,789,789,375370.51,40,9.114081124030383,5.069708491761722,11294643.629999973,35,117673.6477142856,7,0.23561090541905086,15413221.299999967,119,118,375370.51,40,2.435380007163076,33.61344537815126,33,467067.31212121114,8,1.8691588785046729
178,E302,***机电设备有限公司,3494287.4099999983,否,B,236,236,933276.94,32,26.708648445148945,13.559322033898303,5868193.56000001,37,94440.20027027023,8,0.8898776418242491,9362480.970000008,33,33,933276.94,32,9.968265281291133,96.96969696969695,36,260068.9158333336,1,0.3831417624521072
179,E303,***图书发行有限公司,2423111.97,否,B,108,108,747388.52,6,30.844159463254194,5.5555555555555545,13924433.84,37,65489.5127027027,1,0.1466275659824047,16347545.81,42,42,747388.52,6,4.571869861608296,14.285714285714285,37,441825.56243243243,1,0.31746031746031744
180,E304,***环保科技有限公司,19039870.270000003,否,B,142,142,502817.0,14,2.6408635818924617,9.859154929577462,-9661256.92000001,36,528885.2852777778,1,0.17006802721088435,9378613.349999994,198,198,502817.0,14,5.361314953878553,7.070707070707071,36,260517.03749999983,0,0.0
181,E305,***劳务有限公司,19564194.07,否,A,164,164,113467.0,12,0.5799727788122478,7.317073170731707,28272912.169999983,35,558976.9734285714,0,0.0,47837106.23999998,4,4,113467.0,12,0.23719453143911584,300.0,36,1328808.506666666,2,0.6230529595015576
182,E306,个体经营E306 ,3947691.9799999963,否,C,340,339,124670.85,18,3.1580693385303107,5.294117647058823,8602092.62,30,131589.73266666653,5,0.4081632653061225,12549784.599999996,64,63,124670.85,18,0.9934102773365532,28.125,35,358565.2742857141,7,2.127659574468085
183,E307,***通信工程有限公司,3229215.43,否,C,110,110,9942.0,5,0.3078766411072178,4.545454545454546,2906950.039999997,32,100912.9821875,0,0.0,6136165.469999998,10,10,9942.0,5,0.16202301011286133,50.0,30,204538.84899999987,0,0.0
184,E308,***餐饮文化服务有限公司,8393697.350000001,否,B,64,63,391217.7,11,4.660850679825857,17.1875,3545134.20999969,36,233158.25972222225,9,1.8480492813141685,11938831.559999693,1535,1534,391217.7,11,3.276850821069881,0.7166123778501629,36,331634.2099999914,11,0.6819590824550528
185,E309,个体经营E309 ,6796476.200000001,否,B,194,194,779361.6,21,11.467142340614686,10.82474226804124,5936830.209999984,31,219241.16774193555,14,1.4989293361884368,12733306.409999985,38,37,779361.6,21,6.120653779193875,55.26315789473685,35,363808.75457142823,2,1.162790697674419
186,E310,***律师事务所,3856558.9200000013,否,C,480,479,137636.0,20,3.5688810376064466,4.166666666666666,7254953.370000102,30,128551.96400000002,9,0.4893964110929853,11111512.290000103,449,443,137636.0,20,1.238679276122177,4.4543429844098,30,370383.74300000345,30,3.1982942430703627
187,E311,***律师事务所,2146017.87,否,C,346,345,75740.33,20,3.52934293133356,5.780346820809249,8525411.590000037,26,82539.14884615384,22,0.8750994431185362,10671429.460000036,131,125,75740.33,20,0.7097486825349801,15.267175572519085,25,426857.1784000015,18,4.37956204379562
188,E312,***家居用品有限公司,83614546.00999996,否,B,906,905,6199590.479999999,111,7.414487999801557,12.251655629139073,-71362924.78999998,36,2322626.2780555543,31,0.6993006993006993,12251621.219999982,190,189,6199590.479999999,111,50.60220495455383,58.42105263157895,36,340322.81166666624,15,2.2522522522522523
189,E313,***物流有限公司,8138200.389999999,否,B,63,63,224295.19,3,2.7560784848159785,4.761904761904762,5084346.290000001,37,219951.36189189187,5,1.5384615384615383,13222546.68,29,26,224295.19,3,1.6963085510544027,10.344827586206897,37,357366.12648648646,8,2.867383512544803
190,E314,***房地产营销策划有限公司,3092942.8500000024,否,C,233,233,10769.41,9,0.3481929839085126,3.862660944206009,4312499.689999999,32,96654.46406250008,39,3.1527890056588523,7405442.54,5,5,10769.41,9,0.14542561017562092,180.0,35,211584.07257142855,2,1.818181818181818
191,E315,***轮胎有限公司,2443360.33,否,B,95,94,461094.35,7,18.871320138033017,7.368421052631577,8996553.23999996,36,67871.12027777778,4,1.0638297872340423,11439913.56999996,140,140,461094.35,7,4.0305754687620565,5.0,36,317775.37694444327,3,0.19569471624266144
192,E316,个体经营E316 ,2817553.649999999,否,C,185,185,52214.8,9,1.8531963002727567,4.864864864864865,8003189.319999991,35,80501.53285714283,3,0.3978779840848806,10820742.96999999,22,22,52214.8,9,0.4825435752864949,40.90909090909091,34,318257.1461764703,13,3.2178217821782185
193,E317,***科技有限公司,1734789.8899999997,否,C,107,107,179007.58000000005,7,10.318689371656415,6.5420560747663545,3980259.07,31,55960.96419354837,3,0.8645533141210375,5715048.96,33,32,179007.58000000005,7,3.1322142864021942,21.21212121212121,31,184356.41806451613,10,5.847953216374267
194,E318,***商贸有限公司,1276891.5599999998,否,B,25,25,9209.88,2,0.7212734650701271,8.0,9859174.229999997,37,34510.5827027027,2,0.6734006734006733,11136065.789999995,16,16,9209.88,2,0.0827031751937953,12.5,37,300974.7510810809,2,0.5730659025787965
195,E319,个体经营E319 ,8395262.15,否,C,36,36,413781.43,4,4.928749366093349,11.111111111111109,5161272.590000005,29,289491.7982758621,1,0.5681818181818182,13556534.740000006,174,174,413781.43,4,3.052265478869712,2.2988505747126435,35,387329.56400000025,6,0.8683068017366137
196,E320,***建筑设计有限公司,6765048.120000001,否,C,77,77,121250.0,1,1.7923006288978176,1.2987012987012987,1734168.9200000055,32,211407.75375000003,0,0.0,8499217.040000008,5,5,121250.0,1,1.4266019967411008,20.0,15,566614.4693333338,0,0.0
197,E321,***生物流有限公司,5929272.51,否,B,15,15,261010.94,1,4.402073602786729,6.666666666666668,5389927.179999998,36,164702.01416666663,1,1.6129032258064515,11319199.689999998,125,125,261010.94,1,2.3059133785809203,0.8,36,314422.21361111104,6,1.643835616438356
198,E322,***装饰工程设计有限公司,10250591.050000004,否,C,230,228,656848.21,16,6.407905717787851,6.956521739130435,-180546.75999999422,29,353468.6568965519,12,1.3574660633484164,10070044.290000008,14,14,656848.21,16,6.522793654962161,114.28571428571428,29,347242.9065517244,43,5.168269230769232
199,E323,***建筑装饰工程有限公司,4315841.960000001,否,B,144,144,682325.29,21,15.809783961598075,14.583333333333336,1166506.5599999996,25,172633.67840000006,4,0.8547008547008548,5482348.5200000005,14,14,682325.29,21,12.44585760118731,150.0,22,249197.66000000003,0,0.0
200,E324,***汽贸有限公司,91927033.14999998,否,B,82,82,3706436.73,16,4.031933374758326,19.51219512195122,-78125769.77999999,36,2553528.6986111104,6,0.3824091778202677,13801263.369999995,41,41,3706436.73,16,26.855778566306725,39.02439024390244,36,383368.4269444443,6,1.7699115044247788
201,E325,***通讯器材有限公司,35538257.45999999,否,B,63,63,866989.1,12,2.4395937279024937,19.047619047619047,-24046852.50000001,36,987173.8183333331,12,2.3391812865497075,11491404.959999982,1498,1495,866989.1,12,7.544674502533599,0.8010680907877171,37,310578.512432432,29,0.7248187953011748
202,E326,***包装材料有限公司,10208729.249999998,否,B,38,38,742301.0,5,7.271237994679898,13.157894736842106,869889.3500000035,33,309355.43181818177,0,0.0,11078618.6,36,36,742301.0,5,6.700302869890294,13.888888888888891,32,346206.83125000005,0,0.0
203,E327,个体经营E327 ,12361512.57,否,B,61,61,944414.54,5,7.6399593872677665,8.196721311475411,5633896.209999997,29,426259.05413793103,0,0.0,17995408.779999994,7,7,944414.54,5,5.24808606209389,71.42857142857143,35,514154.5365714285,1,0.398406374501992
204,E328,***科技有限公司,2600801.220000002,否,C,92,92,536556.95,8,20.630448258556246,8.695652173913043,5738262.84,29,89682.80068965524,5,1.1185682326621924,8339064.060000001,43,43,536556.95,8,6.434258642689931,18.6046511627907,28,297823.7164285715,4,2.7777777777777777
205,E329,***园艺有限责任公司,1327.0,否,C,4,4,0.0,0,0.0,0.0,11069279.1,25,53.08,0,0.0,11070606.1,14,14,0.0,0,0.0,0.0,29,381745.0379310345,0,0.0
206,E330,***酒店管理有限公司,2871321.3399999975,否,B,233,232,201044.54,14,7.00181262191992,6.008583690987124,5425696.989999913,34,84450.62764705875,6,0.4464285714285714,8297018.329999912,1418,1418,201044.54,14,2.4230938393021746,0.9873060648801129,37,224243.73864864625,34,0.4374115528110125
207,E331,***广告有限公司,1272092.2200000002,否,C,77,77,72691.0,3,5.7142869720561595,3.8961038961038965,4767852.810000003,36,35335.895000000004,1,0.7194244604316548,6039945.030000004,13,12,72691.0,3,1.2035043305683852,23.07692307692308,33,183028.63727272736,3,3.4090909090909087
208,E332,***商贸有限公司,18434357.43,否,B,207,206,720942.25,13,3.910861839028581,6.280193236714977,12154602.74999997,36,512065.4841666666,5,0.6119951040391677,30588960.17999997,6,6,720942.25,13,2.356870732962589,216.66666666666663,26,1176498.4684615373,3,0.7936507936507936
209,E333,***房地产营销策划有限公司,1426080.5999999992,否,C,185,185,16131.0,5,1.1311422369815571,2.702702702702702,5694323.999999996,34,41943.547058823504,5,0.5924170616113744,7120404.599999996,5,5,16131.0,5,0.22654611509014544,100.0,32,222512.64374999987,1,0.7874015748031495
210,E334,***机械科技有限公司,6299718.030000001,否,C,25,25,21846.7,3,0.3467885371371137,12.0,1230218.9399999941,30,209990.60100000005,0,0.0,7529936.969999995,20,19,21846.7,3,0.2901312466098905,15.0,29,259652.99896551704,6,3.2432432432432434
211,E335,***挖掘机租赁经营部,3600455.010000001,否,C,58,58,456343.0,5,12.674592481576376,8.620689655172415,1852990.8300000024,25,144018.20040000006,0,0.0,5453445.840000004,9,9,456343.0,5,8.367975283678616,55.555555555555564,24,227226.91000000012,0,0.0
212,E336,***猕猴桃专业合作社,262138.0,否,C,4,4,0.0,0,0.0,0.0,2614738.5,24,10922.416666666666,0,0.0,2876876.5,19,19,0.0,0,0.0,0.0,28,102745.58928571428,0,0.0
213,E337,个体经营E337 ,318168.78,否,C,35,35,4499.0,3,1.4140293714549867,8.571428571428571,10997656.369999995,35,9090.536571428573,0,0.0,11315825.149999995,99,99,4499.0,3,0.039758479300999114,3.0303030303030303,35,323309.28999999986,7,1.0324483775811208
214,E338,***商贸有限公司,602748.61,否,B,89,89,20300.0,1,3.367904904832547,1.1235955056179776,6755308.499999988,31,19443.503548387096,2,0.796812749003984,7358057.109999987,4,4,20300.0,1,0.2758880462127867,25.0,36,204390.47527777738,0,0.0
215,E339,***居益卫浴家俬厂,3332779.5999999987,否,C,32,32,0.0,0,0.0,0.0,566987.4900000016,22,151489.98181818178,0,0.0,3899767.0900000012,36,36,0.0,0,0.0,0.0,21,185703.1947619048,4,2.380952380952381
216,E340,***物流有限公司,32170.0,否,C,4,4,4500.0,1,13.9881877525645,25.0,6795554.230000002,23,1398.695652173913,0,0.0,6827724.230000002,45,44,4500.0,1,0.06590775855046503,2.2222222222222223,35,195077.83514285728,11,8.02919708029197
217,E341,***纺织品有限公司,1645069.24,否,C,15,15,0.0,0,0.0,0.0,1733630.0600000003,17,96768.7788235294,0,0.0,3378699.3000000007,26,26,0.0,0,0.0,0.0,17,198747.01764705888,0,0.0
218,E342,***裕华机械厂,2570590.779999999,否,B,55,55,99363.84,9,3.865408713556501,16.363636363636363,2359030.860000001,37,69475.42648648644,1,0.4081632653061225,4929621.64,22,22,99363.84,9,2.0156484058277546,40.90909090909091,35,140846.33257142856,1,0.7575757575757576
219,E343,***五金工具经营部,840.0,否,C,1,1,0.0,0,0.0,0.0,2551120.05,24,35.0,0,0.0,2551960.05,29,29,0.0,0,0.0,0.0,36,70887.77916666666,10,2.4937655860349133
220,E344,***机械有限公司,1591937.89,否,B,50,50,23572.0,2,1.4807110345240917,4.0,709434.03,37,43025.34837837837,2,1.6949152542372878,2301371.92,54,53,23572.0,2,1.0242586083174248,3.7037037037037033,36,63926.997777777775,5,5.6818181818181825
221,E345,***科技有限公司,660828.1400000001,否,B,105,105,4926.0,4,0.7454283045513164,3.8095238095238098,1587578.4499999997,36,18356.337222222224,0,0.0,2248406.59,21,21,4926.0,4,0.2190884879055616,19.047619047619047,36,62455.73861111111,0,0.0
222,E346,个体经营E346 ,2659993.920000001,否,B,92,92,60399.0,8,2.2706442877884467,8.695652173913043,-251459.14000000156,35,75999.82628571431,7,1.4373716632443532,2408534.78,106,106,60399.0,8,2.507707196156828,7.547169811320754,35,68815.27942857139,2,0.3305785123966942
223,E347,***不锈钢材料有限公司,1122899.5799999998,否,B,34,34,6028.0,2,0.5368244950274182,5.882352941176469,994198.6199999994,35,32082.84514285714,0,0.0,2117098.1999999997,38,38,6028.0,2,0.2847293526582755,5.263157894736842,35,60488.51999999997,0,0.0
224,E348,***酒店管理有限公司,792315.4100000003,否,B,33,33,22618.7,4,2.8547595710652645,12.12121212121212,1468547.3699999363,31,25558.56161290324,4,2.083333333333333,2260862.7799999365,986,983,22618.7,4,1.0004455024908958,0.4056795131845842,33,68510.99333333141,32,0.7901234567901235
225,E349,***营销策划广告有限公司,7446.05,否,C,7,7,0.0,0,0.0,0.0,3321627.759999998,28,265.9303571428572,0,0.0,3329073.809999998,2,2,0.0,0,0.0,0.0,22,151321.53681818175,0,0.0
226,E350,***演艺设备有限公司,442711.26999999967,否,D,140,140,5266.43,5,1.1895857089881638,3.571428571428571,1029749.48,31,14281.00870967741,1,0.16051364365971107,1472460.7499999998,30,30,5266.43,5,0.3576618256208189,16.666666666666664,33,44620.02272727271,1,1.9230769230769231
227,E351,***文化传播有限公司,308336.05,是,D,46,45,3138.0,1,1.0177207627846308,2.1739130434782608,749178.9300000002,28,11012.001785714285,1,1.0,1057514.9800000002,14,14,3138.0,1,0.2967333852802728,7.142857142857142,32,33047.343125000014,0,0.0
228,E352,***居装饰工程有限公司,14736161.719999993,否,B,52,52,89465.2,4,0.6071133155289506,7.6923076923076925,-12086199.569999993,35,421033.19199999975,12,1.6326530612244898,2649962.15,40,40,89465.2,4,3.376093503826084,10.0,34,77940.0632352941,0,0.0
229,E353,***税务师事务所有限公司,333444.78,否,B,104,104,41311.0,7,12.389157808978148,6.730769230769232,2400697.58,31,10756.28322580645,1,0.4464285714285714,2734142.36,25,24,41311.0,7,1.5109308353644029,28.000000000000004,31,88198.14064516129,4,5.882352941176469
230,E354,***广告有限公司,663680.0,否,B,11,11,17900.0,2,2.6970829315332687,18.181818181818183,1553369.230000001,34,19520.0,0,0.0,2217049.230000001,62,62,17900.0,2,0.8073794554395164,3.2258064516129035,33,67183.31000000003,7,2.389078498293516
231,E355,***地毯经营部,530560.0,否,D,2,2,530000.0,1,99.89445114595898,50.0,663775.2800000012,12,44213.33333333334,0,0.0,1194335.2800000012,104,104,530000.0,1,44.37614871428729,0.9615384615384616,25,47773.411200000046,0,0.0
232,E356,***建材装饰部,16160.0,否,C,2,2,0.0,0,0.0,0.0,1491723.0200000003,15,1077.3333333333333,0,0.0,1507883.0200000003,4,4,0.0,0,0.0,0.0,26,57995.500769230784,0,0.0
233,E357,***家居经营部,66515.2,否,C,5,5,0.0,0,0.0,0.0,1263581.8399999992,29,2293.6275862068965,1,10.0,1330097.039999999,15,15,0.0,0,0.0,0.0,31,42906.35612903223,0,0.0
234,E358,***五金经营部,560.0,否,C,1,1,0.0,0,0.0,0.0,1603696.98,11,50.90909090909091,0,0.0,1604256.98,23,23,0.0,0,0.0,0.0,28,57294.89214285714,34,13.127413127413124
235,E359,***厨房用品经营部,560.0,否,C,1,1,0.0,0,0.0,0.0,1190205.0200000005,12,46.66666666666666,0,0.0,1190765.0200000005,33,32,0.0,0,0.0,0.0,23,51772.392173913046,3,1.3392857142857142
236,E360,***建筑劳务有限公司,840.0,否,C,1,1,0.0,0,0.0,0.0,2609534.919999999,4,210.0,0,0.0,2610374.919999999,2,2,0.0,0,0.0,0.0,21,124303.56761904756,0,0.0
237,E361,***勘察设计工程有限公司,3337627.6,否,C,12,12,116815.0,3,3.499941095884993,25.0,1563812.0299999998,31,107665.40645161289,0,0.0,4901439.63,27,27,116815.0,3,2.3832793794912046,11.111111111111109,31,158110.95580645162,0,0.0
238,E362,***建材有限公司,454098.8,否,B,61,61,53527.0,4,11.7875228914941,6.557377049180328,3753539.08,34,13355.847058823529,4,3.278688524590164,4207637.88,14,14,53527.0,4,1.272138941766538,28.57142857142857,36,116878.83,4,4.2105263157894735
239,E363,***建筑工程设计有限公司,209465.43999999992,是,D,38,38,6099.0,4,2.911697509622591,10.526315789473683,863234.79,29,7222.9462068965495,4,4.301075268817205,1072700.23,10,10,6099.0,4,0.5685651806003621,40.0,26,41257.70115384615,0,0.0
240,E364,***电子有限公司,474093.9499999999,否,B,23,23,0.0,0,0.0,0.0,1554913.7300000018,37,12813.349999999995,5,3.571428571428571,2029007.6800000016,56,56,0.0,0,0.0,0.0,36,56361.32444444449,6,1.9480519480519483
241,E365,***信息技术有限公司,2073478.83,否,C,34,34,60738.73,3,2.9293151741510672,8.823529411764708,1379612.9100000004,37,56039.96837837838,1,0.7936507936507936,3453091.74,16,16,60738.73,3,1.7589665891703183,18.75,35,98659.764,0,0.0
242,E366,***房地产经纪有限公司,380061.31,是,C,6,6,0.0,0,0.0,0.0,1050159.6900000002,26,14617.742692307693,0,0.0,1430221.0000000002,5,5,0.0,0,0.0,0.0,34,42065.32352941177,0,0.0
243,E367,***电子商务有限公司,239857.65,否,C,15,15,30451.2,2,12.695530036252752,13.333333333333336,1757091.2900000028,32,7495.5515625,0,0.0,1996948.9400000027,8,7,30451.2,2,1.5248862597358126,25.0,32,62404.654375000086,10,5.05050505050505
244,E368,***通信科技有限责任公司,328134.16,是,D,38,38,241390.0,2,73.56442255204395,5.263157894736842,490555.9300000002,35,9375.261714285714,0,0.0,818690.0900000002,4,4,241390.0,2,29.484905576419024,50.0,31,26409.357741935488,1,4.545454545454546
245,E369,***网络技术有限公司,739394.1799999998,否,B,31,31,66265.0,7,8.962066755786472,22.58064516129032,677545.8500000008,36,20538.72722222222,0,0.0,1416940.030000001,19,19,66265.0,7,4.676626998815184,36.84210526315789,36,39359.4452777778,2,1.0
246,E370,***设计服务部,840.0,否,C,2,2,257.0,1,30.595238095238106,50.0,2020310.3300000012,14,60.0,0,0.0,2021150.3300000012,89,88,257.0,1,0.012715531159921184,1.1235955056179776,28,72183.94035714291,9,1.9148936170212765
247,E371,***自动化科技有限公司,204867.54,是,D,31,31,1215.0,1,0.5930661343422193,3.2258064516129035,1032355.66,30,6828.9180000000015,0,0.0,1237223.2,9,9,1215.0,1,0.09820378408681636,11.111111111111109,29,42662.868965517235,0,0.0
248,E372,***汽车维修有限责任公司,627323.7000000001,否,B,54,54,20004.0,1,3.1887843548713364,1.851851851851852,1437958.4300000009,37,16954.694594594595,0,0.0,2065282.130000001,143,137,20004.0,1,0.9685843744747836,0.6993006993006993,36,57368.94805555559,21,3.9179104477611935
249,E373,个体经营E373 ,22741199.40999999,否,B,105,105,630659.74,8,2.7732035088821214,7.6190476190476195,-21420496.949999988,35,649748.5545714282,2,0.2304147465437788,1320702.4600000004,18,18,630659.74,8,47.75184109220178,44.444444444444436,35,37734.356000000014,0,0.0
250,E374,***建材经营部,48560.0,否,C,2,2,0.0,0,0.0,0.0,1219787.1700000002,13,3735.384615384615,0,0.0,1268347.1700000002,47,47,0.0,0,0.0,0.0,23,55145.529130434785,0,0.0
251,E375,***电器经营部,560.0,否,C,1,1,0.0,0,0.0,0.0,985404.7200000007,11,50.90909090909091,0,0.0,985964.7200000007,225,225,0.0,0,0.0,0.0,30,32865.49066666669,0,0.0
252,E376,***建筑装饰设计有限责任公司,6560.0,是,D,2,2,0.0,0,0.0,0.0,559909.2599999999,18,364.4444444444445,0,0.0,566469.2599999999,13,13,0.0,0,0.0,0.0,23,24629.09826086956,0,0.0
253,E377,***文化传播有限公司,254772.0,是,D,29,29,2650.0,1,1.040145698899408,3.4482758620689653,524815.0700000001,25,10190.88,0,0.0,779587.0700000002,25,25,2650.0,1,0.33992354439639433,4.0,28,27842.39535714286,2,3.4482758620689653
254,E378,***商贸有限公司,1318410.8099999987,否,D,60,60,28095.76,5,2.131032284239237,8.333333333333332,-440479.1899999989,31,42529.38096774189,4,0.583941605839416,877931.6199999999,72,70,28095.76,5,3.2002219033869634,6.9444444444444455,36,24386.98944444444,9,3.02013422818792
255,E379,***药业有限公司,1428018.6900000004,否,B,93,93,146893.74,10,10.286541837908297,10.752688172043008,832246.2399999994,37,38595.099729729736,3,0.8130081300813009,2260264.93,49,49,146893.74,10,6.49896116381366,20.40816326530612,36,62785.13694444444,0,0.0
256,E380,***建材有限公司,560.0,否,C,2,2,0.0,0,0.0,0.0,1226031.1099999996,17,32.94117647058823,0,0.0,1226591.1099999996,6,6,0.0,0,0.0,0.0,36,34071.97527777777,16,9.63855421686747
257,E381,***通信网络工程有限公司,97393355.96000002,否,B,195,195,2588480.14,26,2.6577584420266853,13.333333333333336,-95897362.67000002,36,2705370.998888889,4,0.22650056625141565,1495993.29,14,14,2588480.14,26,173.02752340553613,185.7142857142857,36,41555.36916666667,17,21.25
258,E382,***教育信息咨询有限公司***分公司,760.0,否,D,2,2,0.0,0,0.0,0.0,515693.3999999997,12,63.33333333333334,0,0.0,516453.3999999997,77,77,0.0,0,0.0,0.0,25,20658.135999999988,0,0.0
259,E383,***通讯器材经营部,234550.0,否,D,7,7,0.0,0,0.0,0.0,577772.3100000005,28,8376.785714285714,0,0.0,812322.3100000005,10,10,0.0,0,0.0,0.0,20,40616.11550000003,7,6.306306306306306
260,E384,个体经营E384 ,2918989.3999999994,是,D,78,78,160381.4,8,5.49441529318332,10.256410256410255,-915015.6899999992,35,83399.69714285713,3,1.2711864406779665,2003973.71,4,4,160381.4,8,8.003168863926861,200.0,30,66799.12366666668,0,0.0
261,E385,***装饰工程有限公司,14584.0,是,D,7,7,4600.0,2,31.54141524958859,28.57142857142857,457254.44,31,470.4516129032258,0,0.0,471838.44,7,7,4600.0,2,0.9749099713028894,28.57142857142857,19,24833.602105263155,1,8.333333333333332
262,E386,个体经营E386 ,197247.36,否,C,113,113,830.0,2,0.4207914367016116,1.7699115044247788,3948383.7699999968,27,7305.457777777779,0,0.0,4145631.129999997,6,6,830.0,2,0.02002107698375954,33.33333333333333,26,159447.35115384602,4,7.4074074074074066
263,E387,***农副产品经营部,1380.0,是,D,1,1,0.0,0,0.0,0.0,823766.7799999993,24,57.5,0,0.0,825146.7799999993,8,8,0.0,0,0.0,0.0,28,29469.527857142835,0,0.0
264,E388,***商贸有限公司,105457.8,否,D,56,56,138.0,1,0.13085803041595787,1.7857142857142856,926047.6,26,4056.0692307692298,1,0.3436426116838488,1031505.3999999998,84,84,138.0,1,0.013378504853198058,1.1904761904761905,36,28652.927777777768,0,0.0
265,E389,***清洁服务有限公司,2880.0,是,D,2,2,0.0,0,0.0,0.0,458738.42,7,411.4285714285714,0,0.0,461618.42,2,2,0.0,0,0.0,0.0,16,28851.15125,0,0.0
266,E390,***建筑工程有限公司,7278.8,是,D,14,14,0.0,0,0.0,0.0,786804.34,27,269.5851851851852,0,0.0,794083.14,1,1,0.0,0,0.0,0.0,17,46710.77294117648,0,0.0
267,E391,***五金店,890.0,否,C,2,2,0.0,0,0.0,0.0,1312860.9999999995,24,37.083333333333336,0,0.0,1313750.9999999995,102,102,0.0,0,0.0,0.0,37,35506.78378378377,3,0.9433962264150944
268,E392,***科技有限公司,93949.76000000004,否,D,31,31,0.0,0,0.0,0.0,915587.1300000009,28,3355.348571428573,0,0.0,1009536.8900000013,164,163,0.0,0,0.0,0.0,34,29692.261470588262,2,0.8810572687224669
269,E393,***商贸有限责任公司,427228.24,否,D,6,6,26097.0,1,6.108444516682699,16.666666666666664,466541.7900000006,29,14732.008275862068,0,0.0,893770.0300000006,164,164,26097.0,1,2.9198786179930405,0.6097560975609756,35,25536.286571428587,10,1.8382352941176472
270,E394,***环保设计研究院（有限合伙）,770078.8500000008,否,D,131,131,105766.0,11,13.73443771374839,8.396946564885496,301910.4699999993,36,21391.07916666669,4,0.7504690431519699,1071989.32,11,11,105766.0,11,9.86632963843334,100.0,25,42879.5728,0,0.0
271,E395,***网络科技有限公司,264456.02,否,C,37,37,14947.0,3,5.651979486040816,8.108108108108109,1636344.62,32,8264.250625,3,2.255639097744361,1900800.64,18,17,14947.0,3,0.7863528497128452,16.666666666666664,30,63360.02133333332,3,3.191489361702128
272,E396,***文化传播有限公司,498716.18,是,D,96,96,288134.0,3,57.77514577529848,3.125,119414.16999999975,35,14249.033714285713,0,0.0,618130.3499999997,14,14,288134.0,3,46.613792705697136,21.428571428571427,31,19939.688709677408,3,4.615384615384616
273,E397,***大闸蟹经营部,442640.0,否,D,4,4,0.0,0,0.0,0.0,207574.9599999996,27,16394.074074074073,0,0.0,650214.9599999996,66,66,0.0,0,0.0,0.0,28,23221.96285714284,0,0.0
274,E398,***医疗管理咨询有限公司,80810.79000000004,是,D,20,20,976.0,1,1.2077595083527826,5.0,538056.5899999996,30,2693.693000000001,0,0.0,618867.3799999997,24,24,976.0,1,0.15770745583649934,4.166666666666666,32,19339.60562499999,0,0.0
275,E399,***装饰工程有限公司,20171.2,是,D,13,13,0.0,0,0.0,0.0,421988.81,24,840.4666666666667,0,0.0,442160.01,9,9,0.0,0,0.0,0.0,24,18423.33375,0,0.0
276,E400,***办公用品经营部,71643.65,否,D,4,4,0.0,0,0.0,0.0,744004.3200000002,33,2171.0196969696967,0,0.0,815647.9700000002,21,21,0.0,0,0.0,0.0,35,23304.227714285717,0,0.0
277,E401,***遮阳技术发展中心,187070.85,是,D,10,10,0.0,0,0.0,0.0,126959.86000000002,28,6681.101785714286,0,0.0,314030.71,14,14,0.0,0,0.0,0.0,29,10828.645172413791,0,0.0
278,E402,***商贸有限公司,482208.0,是,D,5,5,0.0,0,0.0,0.0,-11818.419999999984,33,14612.363636363636,0,0.0,470389.58,4,4,0.0,0,0.0,0.0,25,18815.5832,2,9.090909090909092
279,E403,***机械有限公司,100051.52,否,B,53,53,1086.0,2,1.085440780909675,3.7735849056603774,1097496.83,33,3031.8642424242425,0,0.0,1197548.35,10,10,1086.0,2,0.090685273792912,20.0,37,32366.171621621626,0,0.0
280,E404,个体经营E404 ,936985.0,是,D,12,12,40500.0,1,4.3223744243504445,8.333333333333332,-106692.78000000004,34,27558.38235294117,0,0.0,830292.22,4,4,40500.0,1,4.877800733818751,25.0,34,24420.3594117647,0,0.0
281,E405,***职业技能服务有限公司,91339.12,是,D,5,5,10000.0,1,10.94821145638364,20.0,500093.88,20,4566.956,0,0.0,591433.0,12,12,10000.0,1,1.6908085953945755,8.333333333333332,28,21122.60714285714,0,0.0
282,E406,***招投标代理有限公司,198023.79,是,D,34,34,0.0,0,0.0,0.0,633742.6499999999,25,7920.9516,0,0.0,831766.44,5,4,0.0,0,0.0,0.0,30,27725.548,1,4.166666666666666
283,E407,***装饰工程有限公司,411244.18000000005,否,C,53,53,1398.0,1,0.33994402060595724,1.8867924528301887,1437700.4699999997,30,13708.139333333334,2,1.351351351351351,1848944.65,5,5,1398.0,1,0.07561070040685103,20.0,26,71113.25576923076,2,6.451612903225807
284,E408,***空调制冷有限责任公司,67774.14,是,D,11,11,9999.96,1,14.754831267501142,9.090909090909092,454368.8,30,2259.138,0,0.0,522142.94,10,10,9999.96,1,1.9151767138707263,10.0,33,15822.513333333334,0,0.0
285,E409,***塑胶有限公司,49699.0,是,D,5,5,0.0,0,0.0,0.0,166731.45000000007,24,2070.7916666666665,0,0.0,216430.45000000007,37,37,0.0,0,0.0,0.0,27,8015.942592592595,0,0.0
286,E410,***网络科技有限公司,18876.16999999999,是,D,10,10,0.0,0,0.0,0.0,388089.66,28,674.1489285714282,4,3.8095238095238098,406965.83,41,40,0.0,0,0.0,0.0,31,13127.93,1,1.5384615384615383
287,E411,***机电设备有限公司,251701.03,是,D,33,33,0.0,0,0.0,0.0,8604.209999999963,31,8119.388064516129,0,0.0,260305.24,28,26,0.0,0,0.0,0.0,34,7656.036470588234,4,5.970149253731343
288,E412,***汽车贸易有限公司,69880.36,是,D,19,19,12000.0,3,17.172206897617585,15.789473684210524,250672.4199999999,34,2055.304705882353,0,0.0,320552.77999999985,82,82,12000.0,3,3.7435332802292365,3.658536585365853,35,9158.650857142851,0,0.0
289,E413,***石材工艺品有限公司,27243.9,是,D,9,9,0.0,0,0.0,0.0,259734.97000000012,19,1433.8894736842105,0,0.0,286978.87000000005,7,7,0.0,0,0.0,0.0,31,9257.382903225807,0,0.0
290,E414,***物流有限责任公司***分公司,10282.33,是,D,4,4,0.0,0,0.0,0.0,366805.0399999999,26,395.4742307692308,0,0.0,377087.37,6,6,0.0,0,0.0,0.0,13,29006.72076923076,0,0.0
291,E415,***广告设计服务部,18000.0,否,D,1,1,0.0,0,0.0,0.0,67328.75,6,3000.0,0,0.0,85328.75,185,185,0.0,0,0.0,0.0,22,3878.5795454545455,7,3.3653846153846154
292,E416,***科技有限公司,111757.72,是,D,5,5,72836.02,1,65.17314419084427,20.0,97656.68999999994,30,3725.257333333334,0,0.0,209414.40999999997,5,5,72836.02,1,34.780806153693064,20.0,32,6544.200312499997,0,0.0
293,E417,***园林景观工程有限公司,173818.46,是,D,23,23,128.0,1,0.0736400495091258,4.3478260869565215,-12148.540000000008,33,5267.22606060606,0,0.0,161669.91999999998,2,2,128.0,1,0.07917366446398935,50.0,16,10104.37,0,0.0
294,E418,***营销策划有限公司,48995.44,是,D,31,31,0.0,0,0.0,0.0,376835.1,30,1633.1813333333334,0,0.0,425830.54,12,12,0.0,0,0.0,0.0,23,18514.371304347824,0,0.0
295,E419,***科技有限公司,11909599.520000005,否,D,193,193,125378.72000000002,18,1.0527534514443522,9.32642487046632,-11857524.050000004,37,321881.06810810824,13,1.0172143974960877,52075.47,2,2,125378.72000000002,18,240.76349190895448,900.0,18,2893.081666666667,0,0.0
296,E420,***康药房,2137589.36,是,D,20,20,11460.0,2,0.5361179380121914,10.0,-2065959.09,32,66799.6675,0,0.0,71630.26999999999,72,72,11460.0,2,15.998822844029489,2.7777777777777777,32,2238.4459375,0,0.0
297,E421,***保温材料有限公司,32170.0,是,D,5,5,0.0,0,0.0,0.0,213530.76,27,1191.4814814814815,0,0.0,245700.76,5,5,0.0,0,0.0,0.0,30,8190.025333333332,0,0.0
298,E422,***童装店,960.0,是,D,2,2,0.0,0,0.0,0.0,26058.31,13,73.84615384615384,0,0.0,27018.31,20,20,0.0,0,0.0,0.0,19,1422.0163157894735,0,0.0
299,E423,***通风设备有限公司,69051.70000000001,是,D,8,8,0.0,0,0.0,0.0,3734.699999999983,22,3138.7136363636373,1,4.761904761904762,72786.4,3,3,0.0,0,0.0,0.0,31,2347.948387096774,0,0.0
300,E424,***贸易有限公司,271999.39,是,D,13,13,0.0,0,0.0,0.0,-195102.97000000003,21,12952.351904761905,0,0.0,76896.41999999997,21,21,0.0,0,0.0,0.0,25,3075.8568,2,5.405405405405406
301,E425,***商贸有限公司,62081.40000000001,是,D,27,27,2678.84,2,4.315044441652411,7.4074074074074066,23044.809999999987,23,2699.1913043478266,3,2.586206896551724,85126.20999999999,2,2,2678.84,2,3.1469038736718113,100.0,15,5675.080666666666,0,0.0
