企业代号,企业名称,进项价税合计,合作单位总数,有效合作单位数,作废价税合计,作废合作单位总数,进项作废/有效比%,有效/作废合作单位数比%,进项月份时长,进项平均每月金额,进项负数发票次数,进项负数发票次数占比,销项金额,销项合作单位总数,销项有效合作单位数,销项作废价税合计,销项作废合作单位总数,销项作废/有效比%,销项有效/作废合作单位数比%,销项月份时长,销项平均每月金额,销项负数发票次数,销项负数发票次数占比,净利润,行业
E124,个体经营E124 ,844202797.2,1403,1397,147978465.7,493,17.52878174,35.13898788,24,35175116.55,342,2.240566038,741780367.8,52,52,147978465.7,493,19.94909439,948.0769231,24,30907515.33,41,3.73066424,-102422429.4,个体
E125,个体经营E125 ,1001201809,1789,1781,176611420.5,642,17.63994221,35.88596982,35,28605765.96,396,2.227722772,941211364.5,63,63,176611420.5,642,18.76426775,1019.047619,35,26891753.27,42,3.043478261,-59990444.11,个体
E126,个体经营E126 ,128818723.6,72,72,5187617.01,6,4.027067544,8.333333333,35,3680534.961,3,0.582524272,520691097.8,143,143,5187617.01,6,0.996294546,4.195804196,35,14876888.51,32,2.53164557,391872374.2,个体
E127,个体经营E127 ,1765558.94,297,297,89214,16,5.053017375,5.387205387,34,51928.20412,2,0.140449438,651937954.5,25,25,89214,16,0.013684431,64,35,18626798.7,4,0.102459016,650172395.6,个体
E128,个体经营E128 ,9360499.95,532,531,1427539.93,53,15.25068039,9.962406015,30,312016.665,15,0.47862157,242390151.8,7,7,1427539.93,53,0.588943041,757.1428571,35,6925432.908,0,0,233029651.8,个体
E129,个体经营E129 ,85577806.82,1368,1366,19235208.01,168,22.47686488,12.28070175,35,2445080.195,29,0.489203779,324806032.6,796,794,19235208.01,168,5.922059961,21.10552764,35,9280172.361,86,1.659911214,239228225.8,个体
E130,个体经营E130 ,77406976.12,517,515,8132960.88,75,10.50675441,14.50676983,30,2580232.537,18,0.576368876,110036672.9,14,14,8132960.88,75,7.39113667,535.7142857,29,3794368.03,21,1.589704769,32629696.76,个体
E131,个体经营E131 ,125103670.2,906,905,13267406.13,182,10.60512941,20.08830022,35,3574390.578,130,1.991726674,209084031.8,818,818,13267406.13,182,6.345489905,22.24938875,35,5973829.48,42,1.356151114,83980361.55,个体
E132,个体经营E132 ,70171887.8,682,681,4867132.4,55,6.936014624,8.064516129,30,2339062.927,10,0.198019802,203358261.9,99,99,4867132.4,55,2.393378246,55.55555556,33,6162371.571,8,0.482218204,133186374.1,个体
E133,个体经营E133 ,40659032.04,282,282,2394547.07,27,5.889336145,9.574468085,32,1270594.751,2,0.125078174,113655014.4,9,9,2394547.07,27,2.106855631,300,35,3247286.125,3,2.142857143,72995982.34,个体
E134,***工程咨询有限公司,4295229.39,581,580,149700,17,3.485262053,2.925989673,36,119311.9275,7,0.420673077,122815470,1672,1666,149700,17,0.121890182,1.016746411,36,3411540.833,58,2.045855379,118520240.6,租赁和商务服务业
E135,***建设工程有限公司,26380957.44,364,364,1099170.93,28,4.166531607,7.692307692,31,850998.6271,5,0.175623463,135537558.5,73,72,1099170.93,28,0.810971469,38.35616438,36,3764932.181,14,3.814713896,109156601.1,建筑业
E136,***机械有限责任公司,132110009.2,16,16,226460.58,1,0.171418185,6.25,29,4555517.56,1,0.077760498,116652185.4,4,4,226460.58,1,0.194133165,25,29,4022489.15,4,0.31152648,-15457823.89,制造业
E137,***建设工程有限公司,108301441.8,675,675,13310996.43,70,12.29069181,10.37037037,36,3008373.383,37,1.1779688,143264372.9,25,25,13310996.43,70,9.291211875,280,36,3979565.914,6,2.597402597,34962931.14,建筑业
E138,个体经营E138 ,23875015.51,54,54,372625,7,1.56073197,12.96296296,35,682143.3003,25,4.8828125,107831741,118,118,372625,7,0.345561517,5.93220339,35,3080906.887,12,0.833912439,83956725.52,个体
E139,个体经营E139 ,1294008.95,77,77,483633.76,5,37.37483887,6.493506494,35,36971.68429,2,0.437636761,187713527.4,167,166,483633.76,5,0.257644596,2.994011976,35,5363243.64,32,0.262101728,186419518.4,个体
E140,***建筑工程有限公司,7398424.69,561,559,601324.65,34,8.127739015,6.060606061,35,211383.5626,17,0.840336134,182429033.1,20,19,601324.65,34,0.329621135,170,36,5067473.14,22,3.03030303,175030608.4,建筑业
E141,***食品有限公司,41048444.16,208,208,1901662.21,27,4.632726645,12.98076923,35,1172812.69,3,0.221075903,159374968.2,1183,1182,1901662.21,27,1.193200056,2.282333052,34,4687499.065,144,3.230148048,118326524,轻工业
E142,***运业有限公司,55999811.83,96,96,2091648.74,11,3.735099586,11.45833333,36,1555550.329,11,1.5625,97267679.64,66,65,2091648.74,11,2.150404685,16.66666667,36,2701879.99,10,0.732064422,41267867.81,交通运输、仓储业和邮政业
E143,***电子科技有限公司,36308552.33,598,598,1958798.4,77,5.394867805,12.87625418,37,981312.2251,43,1.20145292,90439864.44,76,76,1958798.4,77,2.165857293,101.3157895,37,2444320.661,21,1.910828025,53624655.11,信息传输、计算机服务和软件业
E144,***劳务有限公司,9341618.74,671,668,230918.4,33,2.471931326,4.918032787,29,322124.7841,11,0.451930978,104168305.7,28,27,230918.4,33,0.221678176,117.8571429,29,3592010.543,58,4.658634538,94826687,租赁和商务服务业
E145,***工贸有限公司,129021774.4,377,377,2734837.31,40,2.119671135,10.61007958,36,3583938.177,18,0.617283951,117569720.1,394,394,2734837.31,40,2.326140871,10.15228426,36,3265825.557,80,2.081165453,-11452054.32,批发零售业
E146,***基础建设工程有限公司,137328170.1,383,383,12398434.86,35,9.02832598,9.138381201,36,3814671.392,8,0.252365931,131110608.4,63,63,12398434.86,35,9.456469624,55.55555556,36,3641961.345,32,2.259887006,-6217561.68,建筑业
E147,***装饰工程有限责任公司,156403712.1,733,732,9810063.19,110,6.27227005,15.00682128,36,4344547.558,62,1.106550062,187669783.1,145,144,9810063.19,110,5.22730033,75.86206897,36,5213049.53,24,1.037165082,31266070.99,建筑业
E148,***商贸有限公司,30231101.33,134,134,2103759.36,14,6.95892398,10.44776119,36,839752.8147,2,0.391389432,80568173.17,186,186,2103759.36,14,2.611154352,7.52688172,19,4240430.167,1,0.37037037,50337071.84,批发零售业
E149,***建筑劳务有限公司,637449.94,109,109,8948.09,6,1.40373219,5.504587156,34,18748.52765,0,0,101240606.3,10,10,8948.09,6,0.00883844,60,32,3163768.946,32,2.789886661,100603156.3,租赁和商务服务业
E150,***建设工程有限公司,88299286.07,463,462,2885077.5,59,3.267384855,12.74298056,36,2452757.946,16,0.489596083,114258375.1,126,125,2885077.5,59,2.525046848,46.82539683,36,3173843.754,1,0.243902439,25959089.07,建筑业
E151,***路桥工程有限公司,11855142.48,172,172,1508406.3,9,12.72364548,5.23255814,34,348680.6612,1,0.128040973,102421153,5,5,1508406.3,9,1.472748799,180,26,3939275.113,0,0,90566010.47,建筑业
E152,***运贸有限责任公司,6604612.96,148,148,251012.15,13,3.800558057,8.783783784,36,183461.4711,23,2.581369248,119611728,15,15,251012.15,13,0.209855801,86.66666667,36,3322548,9,0.60483871,113007115,交通运输、仓储业和邮政业
E153,个体经营E153 ,93077,33,33,0,0,0,0,27,3447.296296,0,0,241023767.8,6,6,0,0,0,0,35,6886393.365,1,0.357142857,240930690.8,个体
E154,***汽车销售服务有限公司,141657840.6,300,300,2047630.67,26,1.445476411,8.666666667,29,4884753.122,53,1.9947309,74457899.33,303,299,2047630.67,26,2.750051624,8.580858086,29,2567513.77,23,1.266519824,-67199941.22,批发零售业
E155,个体经营E155 ,85664767.68,50,50,3058463.68,8,3.570270209,16,24,3569365.32,7,1.75879397,78595786.98,56,56,3058463.68,8,3.891383747,14.28571429,24,3274824.458,9,0.861244019,-7068980.7,个体
E156,个体经营E156 ,2237785.6,151,151,236781.02,12,10.58104137,7.947019868,32,69930.8,11,1.858108108,153867406.2,32,31,236781.02,12,0.153886405,37.5,35,4396211.606,28,7.291666667,151629620.6,个体
E157,***环境设备工程有限公司,53073477.29,307,305,5818341.62,48,10.96280462,15.63517915,36,1474263.258,12,0.815217391,67116525.76,87,86,5818341.62,48,8.669014902,55.17241379,36,1864347.938,75,8.169934641,14043048.47,制造业
E158,***装饰工程有限公司,64966054.26,303,300,6398258.8,37,9.848618441,12.21122112,30,2165535.142,13,1.18289354,79121019.39,9,9,6398258.8,37,8.086673869,411.1111111,28,2825750.693,0,0,14154965.13,建筑业
E159,个体经营E159 ,69981490.31,1037,1037,5581477.23,93,7.975647854,8.968177435,30,2332716.344,13,0.290697674,103171771.6,80,80,5581477.23,93,5.409887941,116.25,35,2947764.903,2,0.858369099,33190281.28,个体
E160,***钢结构工程有限公司,169895637,424,424,6807636.01,45,4.006951638,10.61320755,36,4719323.25,13,0.306242638,222833468.6,65,65,6807636.01,45,3.055033004,69.23076923,36,6189818.572,114,4.051172708,52937831.59,制造业
E161,***建筑劳务有限责任公司,963190.56,140,140,130116,2,13.50885333,1.428571429,35,27519.73029,0,0,153900098.9,21,21,130116,2,0.084545755,9.523809524,36,4275002.746,3,1.260504202,152936908.3,租赁和商务服务业
E162,***网络信息安全有限公司,143322878.7,1277,1273,22598252.69,192,15.76737287,15.03523884,37,3873591.315,239,2.433808554,136961159.2,100,100,22598252.69,192,16.4997528,192,36,3804476.644,30,6.369426752,-6868376.47,信息传输、计算机服务和软件业
E163,***物流有限公司,83366658.57,267,267,4660620.84,26,5.590509347,9.737827715,37,2253152.934,10,0.388198758,130693646.5,23,22,4660620.84,26,3.566065348,113.0434783,36,3630379.07,9,0.969827586,47326987.95,交通运输、仓储业和邮政业
E164,个体经营E164 ,75769207.94,503,502,4768531.59,44,6.293495365,8.747514911,35,2164834.513,37,0.902659185,119829636.7,85,84,4768531.59,44,3.979425892,51.76470588,35,3423703.907,21,1.445285616,44060428.79,个体
E165,***文化传媒股份有限公司,92982086.56,918,917,7654882.19,98,8.23264187,10.67538126,36,2582835.738,48,1.157463226,114219774.2,246,243,7654882.19,98,6.701888742,39.83739837,36,3172771.506,114,4.859335038,21237687.67,文化、体育、娱乐业
E166,***建筑工程有限公司,3190440.61,73,73,138003.67,3,4.325536403,4.109589041,36,88623.35028,0,0,77618674.3,14,14,138003.67,3,0.177796994,21.42857143,36,2156074.286,258,18.46814603,74428233.69,建筑业
E167,***体育文化股份有限公司,158300709.6,1095,1094,6127643.31,126,3.870888088,11.50684932,36,4397241.933,97,1.371800311,119627824.7,2466,2455,6127643.31,126,5.1222559,5.109489051,36,3322995.131,91,1.960361913,-38672884.86,文化、体育、娱乐业
E168,***建材有限公司,1481109.26,8,8,0,0,0,0,24,61712.88583,0,0,90209902.91,12,12,0,0,0,0,32,2819059.466,0,0,88728793.65,制造业
E169,***建筑设计有限公司,79325640.35,1016,1015,7174747.16,104,9.044676007,10.23622047,36,2203490.01,28,0.481844777,114831443.2,171,170,7174747.16,104,6.248068441,60.81871345,36,3189762.31,30,2.127659574,35505802.8,服务业
E170,***建筑劳务有限公司,33888320.12,230,230,5533818.78,38,16.32957538,16.52173913,36,941342.2256,55,4.410585405,71763015.63,11,11,5533818.78,38,7.711240576,345.4545455,36,1993417.101,15,1.908396947,37874695.51,服务业
E171,***质量检验测试站,46739413.12,325,325,1376940.07,45,2.945993495,13.84615385,37,1263227.382,8,0.438837082,104409268.1,1439,1436,1376940.07,45,1.318791038,3.127171647,36,2900257.446,113,1.611293312,57669854.95,科学研究、技术服务和地质勘查业
E172,***物流有限公司,46505729.77,53,53,479109.56,6,1.030216196,11.32075472,36,1291825.827,5,1.077586207,74903266.59,94,94,479109.56,6,0.639637738,6.382978723,36,2080646.294,0,0,28397536.82,交通运输、仓储业和邮政业
E173,***贸易有限责任公司,122539845.9,204,204,3883716.16,20,3.169349635,9.803921569,36,3403884.609,6,0.456621005,106836324.8,342,339,3883716.16,20,3.635201949,5.847953216,36,2967675.688,31,1.308016878,-15703521.18,服务业
E174,***工程技术有限公司,86874940.41,433,433,6901641.94,28,7.944341495,6.466512702,33,2632573.952,6,0.258732212,91150036.85,83,83,6901641.94,28,7.571737959,33.73493976,32,2848438.652,5,0.43554007,4275096.44,科学研究、技术服务和地质勘查业
E175,***食品集团有限公司,89119087.08,599,596,9388991.24,53,10.53533148,8.848080134,37,2408623.975,67,1.704834606,74001823.99,1788,1773,9388991.24,53,12.68751327,2.964205817,35,2114337.828,66,1.750198886,-15117263.09,轻工业
E176,***科技有限公司,4782474.64,868,868,173132.9,47,3.620153018,5.414746544,37,129256.0714,17,0.537464433,83492525.8,165,159,173132.9,47,0.207363352,28.48484848,37,2256554.751,67,3.4625323,78710051.16,科学研究、技术服务和地质勘查业
E177,***电力工程有限公司,79409705.98,644,644,2805086.77,53,3.532423065,8.229813665,36,2205825.166,5,0.163345312,97717360.95,154,153,2805086.77,53,2.870612492,34.41558442,33,2961132.15,18,2.155688623,18307654.97,制造业
E178,***贸易有限公司,91884740.44,29,29,2439750.6,5,2.655229354,17.24137931,36,2552353.901,5,1.501501502,78541364.38,181,178,2439750.6,5,3.106325717,2.762430939,36,2181704.566,22,2.158979392,-13343376.06,批发零售业
E179,***园林有限公司,37778264.89,350,349,6713228.74,41,17.77008224,11.71428571,36,1049396.247,11,0.55,60347261.57,41,41,6713228.74,41,11.12433036,100,36,1676312.821,18,2.506963788,22568996.68,农业
E180,***电气有限公司,71862813.72,608,606,909553.82,67,1.265680778,11.01973684,37,1942238.209,30,0.846262341,74087731.47,475,475,909553.82,67,1.227671305,14.10526316,37,2002371.121,7,0.346020761,2224917.75,制造业
E181,***食品有限公司,97838584.03,373,373,3275561.84,43,3.347924413,11.52815013,36,2717738.445,32,1.07599193,76977567.97,180,178,3275561.84,43,4.255216067,23.88888889,36,2138265.777,10,0.677966102,-20861016.06,轻工业
E182,***新材料科技有限公司,84505227.05,152,152,1868918.54,16,2.211601111,10.52631579,36,2347367.418,0,0,77437981.47,42,42,1868918.54,16,2.413439122,38.0952381,36,2151055.041,0,0,-7067245.58,制造业
E183,***建设工程有限公司,27455031.16,416,416,1478825.62,40,5.386355642,9.615384615,33,831970.6412,13,0.923295455,65085708.14,9,9,1478825.62,40,2.272120351,444.4444444,36,1807936.337,2,0.21574973,37630676.98,建筑业
E184,***建筑装饰工程有限公司,41542696.2,461,460,2402174.75,34,5.782423795,7.37527115,31,1340086.974,8,0.406710727,53005659.13,39,39,2402174.75,34,4.531921288,87.17948718,34,1558989.974,21,3.286384977,11462962.93,建筑业
E185,***生态魔芋有限公司,788684.14,20,19,5720,1,0.725258657,5,32,24646.37938,2,2.985074627,96329021.71,312,312,5720,1,0.005937982,0.320512821,36,2675806.159,8,0.147004778,95540337.57,农业
E186,***建筑劳务有限公司,3141879.25,220,220,435245.2,27,13.85302125,12.27272727,32,98183.72656,11,1.168969182,83555221.12,5,5,435245.2,27,0.520907245,540,35,2387292.032,0,0,80413341.87,服务业
E187,个体经营E187 ,78798146.34,3694,3694,5545742.35,186,7.037909656,5.035192204,24,3283256.098,39,1.055766107,3403409.07,12,12,5545742.35,186,162.9466877,1550,21,162067.0986,0,0,-75394737.27,个体
E188,***硬质合金有限公司,90271570.8,369,369,4280654.66,48,4.741974269,13.00813008,36,2507543.633,3,0.120772947,80713142.81,241,241,4280654.66,48,5.303541048,19.91701245,36,2242031.745,7,0.337674867,-9558427.99,制造业
E189,***石油工程技术服务有限公司,32635434.69,825,825,6038853.82,38,18.5039785,4.606060606,36,906539.8525,11,0.329637399,50709690.27,24,24,6038853.82,38,11.90867818,158.3333333,35,1448848.293,13,2.145214521,18074255.58,科学研究、技术服务和地质勘查业
E190,***劳务有限公司,1680924.07,53,52,51000,3,3.034045434,5.660377358,36,46692.33528,1,0.819672131,119934393.8,22,21,51000,3,0.042523248,13.63636364,36,3331510.939,14,4.069767442,118253469.7,服务业
E191,***商贸有限责任公司,304103652.2,141,140,1311491.16,21,0.431264521,14.89361702,36,8447323.672,4,0.339847069,256138436.3,97,97,1311491.16,21,0.512024349,21.64948454,27,9486608.75,1,0.036616624,-47965215.94,批发零售业
E192,***建设工程有限公司,18895927.4,28,27,2186006.8,4,11.56866638,14.28571429,29,651583.7034,3,3.06122449,42118600.17,7,7,2186006.8,4,5.190122158,57.14285714,36,1169961.116,2,2.941176471,23222672.77,建筑业
E193,个体经营E193 ,19545794.71,283,283,1327240.2,48,6.790413077,16.96113074,35,558451.2774,6,0.389863548,122316829.7,2484,2478,1327240.2,48,1.085083878,1.93236715,35,3494766.564,367,1.220201483,102771035,个体
E194,***文化传播有限公司,11882193.02,914,913,796813.81,62,6.70594905,6.783369803,32,371318.5319,11,0.231238175,88972764.61,3229,3210,796813.81,62,0.895570474,1.920099102,32,2780398.894,391,3.537501131,77090571.59,文化、体育、娱乐业
E195,***医药有限公司,86953398.85,511,510,4652801.09,39,5.350913422,7.632093933,36,2415372.19,46,2.029113366,109903508.2,393,391,4652801.09,39,4.233532822,9.923664122,36,3052875.226,81,1.750972763,23240924.3,医药
E196,***地质制图印刷厂,48827578.52,154,154,928503.71,28,1.901596881,18.18181818,37,1319664.284,9,0.673652695,72526203.12,689,682,928503.71,28,1.280232068,4.063860668,37,1960167.652,86,3.121597096,23698624.6,制造业
E197,***医疗设备有限公司,115851962.7,805,805,5287884.53,64,4.564346089,7.950310559,33,3510665.537,4,0.063002048,181712080.3,1202,1201,5287884.53,64,2.910034667,5.324459235,33,5506426.675,52,1.283950617,66150932.56,医药
E198,***商贸有限公司,66423102.82,210,210,2393908.6,19,3.604030071,9.047619048,36,1845086.189,0,0,57406622.72,42,42,2393908.6,19,4.170091335,45.23809524,36,1594628.409,55,7.554945055,6415078.44,批发零售业
E199,***建筑劳务有限公司,169812.23,25,25,37506.61,1,22.08710762,4,20,8490.6115,0,0,59575542.09,3,3,37506.61,1,0.062956389,33.33333333,24,2482314.254,90,11.13861386,1123061.24,服务业
E200,个体经营E200 ,54647680.99,133,133,2069873.87,18,3.787670094,13.53383459,35,1561362.314,6,0.49958368,47163293.45,50,50,2069873.87,18,4.388739035,36,34,1387155.69,12,2.127659574,828871.59,个体
E201,***物流有限责任公司,43770069.97,105,105,2098135.9,9,4.793540201,8.571428571,36,1215835.277,1,0.215982721,48047952.48,170,168,2098135.9,9,4.366754027,5.294117647,36,1334665.347,16,1.47601476,-1775144.09,交通运输、仓储业和邮政业
E202,个体经营E202 ,11370529.87,107,107,1675724.96,20,14.7374395,18.69158879,33,344561.5112,2,0.549450549,99269637.6,5,5,1675724.96,20,1.688053871,400,34,2919695.224,0,0,828871.59,个体
E203,***建设工程有限公司,25086194.94,338,338,4007860.54,35,15.97635891,10.35502959,35,716748.4269,3,0.262697023,47646507.18,27,27,4007860.54,35,8.411656546,129.6296296,36,1323514.088,2,0.346020761,-1775144.09,建筑业
E204,***科技发展有限公司,65758081.66,1205,1204,8251347.27,96,12.54803526,7.966804979,36,1826613.379,46,0.91469477,92091768.28,373,370,8251347.27,96,8.959918377,25.73726542,36,2558104.674,33,2.464525765,26333686.62,科学研究、技术服务和地质勘查业
E205,个体经营E205 ,27480110.5,15,15,5147082,3,18.73020853,20,27,1017781.87,1,0.729927007,74253216.71,71,71,5147082,3,6.931796666,4.225352113,35,2121520.477,9,0.930713547,46773106.21,个体
E206,***建设工程有限公司,77314494.33,889,889,6866161.55,74,8.880820614,8.323959505,36,2147624.842,6,0.168681473,96008119.43,307,307,6866161.55,74,7.151646747,24.10423453,36,2666892.206,1,0.109529025,18693625.1,建筑业
E207,个体经营E207 ,76808936.76,267,267,2090711.42,28,2.721963756,10.48689139,30,2560297.892,13,0.39417829,120936342.8,17,17,2090711.42,28,1.728770171,164.7058824,34,3556951.259,10,0.71787509,44127406.04,个体
E208,个体经营E208 ,87822606.12,44,44,743570.4,8,0.846673121,18.18181818,35,2509217.318,1,0.10384216,75553782.03,80,79,743570.4,8,0.984160395,10,35,2158679.487,20,2.229654404,-12268824.09,个体
E209,***工程检测有限公司,46289901.64,1599,1599,3704715.43,140,8.00329078,8.75547217,36,1285830.601,18,0.221456693,65700985.17,488,485,3704715.43,140,5.638751718,28.68852459,36,1825027.366,61,4.987735078,19411083.53,科学研究、技术服务和地质勘查业
E210,***建筑工程有限公司,6181181.39,153,153,229748.9,10,3.716909204,6.535947712,30,206039.3797,3,0.559701493,53682992.72,3,3,229748.9,10,0.427973346,333.3333333,36,1491194.242,0,0,47501811.33,建筑业
E211,个体经营E211 ,22578145.79,105,105,207833.1,9,0.920505616,8.571428571,32,705567.0559,3,0.744416873,49070943.99,82,82,207833.1,9,0.423535973,10.97560976,35,1402026.971,15,1.020408163,26492798.2,个体
E212,***建电管理咨询有限公司,157443.54,49,49,16000,4,10.16237313,8.163265306,33,4771.016364,0,0,76890077.77,121,121,16000,4,0.020808927,3.305785124,37,2078110.21,20,1.336005344,76732634.23,租赁和商务服务业
E213,***科技有限公司,51200703.77,592,591,3016199.4,52,5.890933479,8.783783784,36,1422241.771,18,0.855920114,57697215.6,248,247,3016199.4,52,5.227634243,20.96774194,36,1602700.433,23,2.003484321,6496511.83,科学研究、技术服务和地质勘查业
E214,***建筑工程有限公司,38009318.08,154,154,3039445.54,26,7.996580032,16.88311688,36,1055814.391,2,0.289017341,64252383.44,218,217,3039445.54,26,4.730479053,11.9266055,36,1784788.429,14,1.963534362,26243065.36,建筑业
E215,***建筑工程有限公司,238954.21,69,69,2788,4,1.166750734,5.797101449,36,6637.616944,0,0,67502754.2,8,8,2788,4,0.004130202,50,27,2500102.007,0,0,67263799.99,建筑业
E216,***建设工程有限公司,36069341.1,570,570,3746996.08,55,10.38831308,9.649122807,37,974847.0568,16,0.479041916,58325941.25,30,29,3746996.08,55,6.42423594,183.3333333,33,1767452.765,5,0.729927007,22256600.15,建筑业
E217,个体经营E217 ,61169230.95,202,202,4899378,12,8.009546506,5.940594059,24,2548717.956,0,0,2434236.61,15,15,4899378,12,201.2695882,80,16,152139.7881,0,0,-58734994.34,个体
E218,***建设工程有限公司,43546796.88,269,269,3702489.76,40,8.502323995,14.86988848,36,1209633.247,4,0.389863548,39328554.23,43,43,3702489.76,40,9.414253416,93.02325581,34,1156722.183,0,0,-4218242.65,建筑业
E219,***品牌营销策划有限公司,40182970.93,757,755,3208540.67,84,7.984826895,11.09643329,36,1116193.637,41,0.953710165,35642623.95,27,27,3208540.67,84,9.001976607,311.1111111,31,1149762.063,33,6.720977597,-4540346.98,服务业
E220,***文化传播有限公司,58410598.92,1570,1569,4325316.41,138,7.405019791,8.789808917,36,1622516.637,50,0.87596356,80286331.1,147,147,4325316.41,138,5.387363391,93.87755102,36,2230175.864,11,0.892133009,21875732.18,文化、体育、娱乐业
E221,***测绘服务有限公司,34053737.95,954,953,1810957.08,38,5.317939201,3.983228512,28,1216204.927,11,0.248363062,45971718.41,296,296,1810957.08,38,3.939285158,12.83783784,27,1702656.237,14,2.147239264,11917980.46,科学研究、技术服务和地质勘查业
E222,***数码科技有限公司,57382956.21,928,928,7645429.15,134,13.32351913,14.43965517,36,1593971.006,96,2.219653179,62615800.41,66,65,7645429.15,134,12.21006375,203.030303,36,1739327.789,26,2.541544477,5232844.2,科学研究、技术服务和地质勘查业
E223,***科技有限公司,43578340,785,783,3265015.01,75,7.492288623,9.554140127,18,2421018.889,20,0.798403194,31385466.78,52,52,3265015.01,75,10.40295189,144.2307692,16,1961591.674,21,4.402515723,-12192873.22,科学研究、技术服务和地质勘查业
E224,***纸业有限公司,114283500.8,103,102,12716588.21,15,11.12723019,14.5631068,36,3174541.69,5,0.691562932,95946734.5,41,41,12716588.21,15,13.25379991,36.58536585,36,2665187.069,14,1.261261261,-18336766.34,制造业
E225,***物业服务有限责任公司***分公司,48074903.05,680,680,2832327.79,83,5.891489343,12.20588235,37,1299321.704,48,1.150251618,68686418.24,470,470,2832327.79,83,4.123563089,17.65957447,37,1856389.682,100,1.202645821,20611515.19,交通运输、仓储业和邮政业
E226,***建设工程有限公司,51733363.86,219,219,2369372.36,15,4.579969643,6.849315068,32,1616667.621,29,2.837573386,44714111.36,26,25,2369372.36,15,5.298936483,57.69230769,36,1242058.649,6,1.162790698,-7019252.5,建筑业
E227,***安全技术有限公司,55296639.1,554,553,4993268.08,83,9.029966669,14.98194946,34,1626371.738,18,0.647948164,55848119.35,72,70,4993268.08,83,8.940798971,115.2777778,36,1551336.649,6,0.873362445,551480.25,科学研究、技术服务和地质勘查业
E228,***文化发展有限公司,32773989.93,603,603,1921003.91,44,5.861367243,7.296849088,36,910388.6092,10,0.375234522,59965638.31,156,152,1921003.91,44,3.203507816,28.20512821,36,1665712.175,104,10.47331319,27191648.38,文化、体育、娱乐业
E229,***家贸易有限公司,64719255.23,227,227,1971911.23,26,3.046869472,11.45374449,36,1797757.09,8,0.50955414,54774178.32,30,30,1971911.23,26,3.600074507,86.66666667,36,1521504.953,1,0.129366106,-9945076.91,批发零售业
E230,***建筑劳务有限公司,125526.73,17,17,309,1,0.24616271,5.882352941,36,3486.853611,0,0,49308980.03,61,61,309,1,0.000626661,1.639344262,35,1408828.001,20,3.378378378,49183453.3,建筑业
E231,***建筑科技有限公司,37507897.09,133,133,1657493,9,4.41905073,6.766917293,36,1041886.03,0,0,33376164.7,7,7,1657493,9,4.966097857,128.5714286,36,927115.6861,0,0,-4131732.39,建筑业
E232,***投资发展有限责任公司,37485137.52,151,148,639439.08,24,1.705846963,15.89403974,37,1013111.825,39,4.987212276,47970719.64,4,4,639439.08,24,1.332977877,600,25,1918828.786,9,7.96460177,10485582.12,服务业
E233,***劳务有限公司,434065.07,194,194,11167.68,7,2.572812413,3.608247423,25,17362.6028,0,0,19988668.9,3,3,11167.68,7,0.055870053,233.3333333,23,869072.5609,0,0,19554603.83,服务业
E234,***机电设备商贸有限公司,5003351.24,205,205,87988.34,16,1.75858811,7.804878049,28,178691.1157,1,0.108813928,39835337.13,137,137,87988.34,16,0.220880119,11.67883212,28,1422690.612,4,0.689655172,34831985.89,制造业
E235,个体经营E235 ,16186123.56,122,122,497321.24,13,3.072516024,10.6557377,29,558142.1917,0,0,40024592.54,191,191,497321.24,13,1.24253917,6.806282723,34,1177193.898,4,0.423728814,23838468.98,个体
E236,个体经营E236 ,5311970.83,69,69,162888,4,3.066432501,5.797101449,29,183171.4079,1,0.507614213,44647209.89,29,29,162888,4,0.364833548,13.79310345,33,1352945.754,13,2.50965251,39335239.06,个体
E237,个体经营E237 ,18682233.07,324,323,1547097.65,29,8.281117381,8.950617284,27,691934.5581,104,5.473684211,19792717.95,8,8,1547097.65,29,7.816499249,362.5,16,1237044.872,0,0,1110484.88,个体
E238,个体经营E238 ,17066655.73,760,756,1473742.88,59,8.635217721,7.763157895,30,568888.5243,23,0.603991597,56429503.98,2199,2179,1473742.88,59,2.611653082,2.683037744,35,1612271.542,557,4.948471926,39362848.25,个体
E239,个体经营E239 ,29195181.18,46,45,4594983.1,5,15.73884084,10.86956522,32,912349.4119,5,1.36239782,26270147.96,33,33,4594983.1,5,17.49127225,15.15151515,23,1142180.346,3,0.980392157,-2925033.22,个体
E240,个体经营E240 ,31471963.9,1085,1085,2056621.07,37,6.534771953,3.410138249,24,1311331.829,1,0.092165899,17016977.52,2,2,2056621.07,37,12.08570128,1850,20,850848.876,0,0,-14454986.38,个体
E241,个体经营E241 ,6762265.86,112,112,271293.6,10,4.011874209,8.928571429,31,218137.6084,1,0.240963855,37898804.22,36,36,271293.6,10,0.715836833,27.77777778,35,1082822.978,5,0.693481276,31136538.36,个体
E242,个体经营E242 ,21014215.23,503,503,447554.11,10,2.129768374,1.988071571,24,875592.3012,0,0,1518719.26,11,11,447554.11,10,29.46917984,90.90909091,23,66031.27217,0,0,-19495495.97,个体
E243,***科技有限公司,4894376.41,131,131,89841,9,1.835596458,6.870229008,32,152949.2628,2,0.293685756,32091033.41,35,35,89841,9,0.279956706,25.71428571,33,972455.5579,0,0,27196657,科学研究、技术服务和地质勘查业
E244,个体经营E244 ,15959235.1,153,153,1698966.02,29,10.64566071,18.95424837,35,455978.1457,7,0.633484163,34862195.29,20,20,1698966.02,29,4.873376464,145,33,1056430.16,13,2.934537246,18902960.19,个体
E245,***建筑劳务有限公司,147888.79,64,64,308,1,0.208264602,1.5625,33,4481.478485,0,0,25170610.39,33,33,308,1,0.001223649,3.03030303,28,898950.3711,18,5.825242718,25022721.6,服务业
E246,***物业服务有限公司,7103468.01,409,408,434161.83,37,6.111969947,9.046454768,31,229144.1294,11,0.847457627,31377751.46,121,121,434161.83,37,1.383661384,30.5785124,36,871604.2072,14,1.869158879,24274283.45,服务业
E247,***石化有限公司,13781515.22,185,185,735296.3,15,5.335380677,8.108108108,37,372473.3843,7,0.765027322,21712508.8,10,10,735296.3,15,3.386510084,150,35,620357.3943,0,0,7930993.58,制造业
E248,***智能科技有限公司,15029356.67,262,261,1368032.97,22,9.102405379,8.396946565,36,417482.1297,9,0.613915416,20868777.1,118,114,1368032.97,22,6.555405539,18.6440678,36,579688.2528,6,1.699716714,5839420.43,科学研究、技术服务和地质勘查业
E249,***建筑工程有限公司,28404068.35,106,106,11071285,8,38.97781425,7.547169811,36,789001.8986,1,0.161290323,51819821.7,3,3,11071285,8,21.36496159,266.6666667,31,1671607.152,0,0,23415753.35,建筑业
E250,***塑料厂,9594722.74,127,127,479479,10,4.997320016,7.874015748,37,259316.8308,9,2.107728337,32443945.69,102,101,479479,10,1.477868952,9.803921569,37,876863.397,22,3.333333333,22849222.95,制造业
E251,***医疗器械有限责任公司,10160269.83,347,347,1333418.89,49,13.12385313,14.12103746,29,350354.1321,23,1.697416974,12859876.88,130,130,1333418.89,49,10.36883092,37.69230769,36,357218.8022,14,5.109489051,2990422.05,医药
E252,***印务有限公司,30305520.78,111,111,2694936.73,30,8.892560367,27.02702703,36,841820.0217,4,0.44198895,39283384,40,40,2694936.73,30,6.860245874,75,36,1091205.111,10,1.934235977,66150932.56,制造业
E253,***钢结构工程有限公司,19912674.39,319,319,868069.94,24,4.359383993,7.523510972,35,568933.554,5,0.418060201,23725535.58,105,105,868069.94,24,3.658800186,22.85714286,36,659042.655,3,0.943396226,2990422.05,制造业
E254,***设备安装工程有限公司,3614013.58,39,39,800000,1,22.13605407,2.564102564,35,103257.5309,0,0,37200358.72,22,22,800000,1,2.150516897,4.545454545,36,1033343.298,2,0.438596491,6415078.44,服务业
E255,个体经营E255 ,12836662.39,311,311,1978080.23,18,15.40961482,5.78778135,33,388989.7694,7,0.525920361,38606481.84,19,19,1978080.23,18,5.123699793,94.73684211,35,1103042.338,30,5.008347245,1123061.24,个体
E256,***物资有限公司,11913715.21,54,53,474140.48,8,3.979786923,14.81481481,36,330936.5336,3,1.111111111,29926361.09,211,211,474140.48,8,1.584357278,3.791469194,36,831287.8081,8,0.896860987,828871.59,批发零售业
E257,***门窗安装有限公司,17434981.26,97,97,979333.56,8,5.617061157,8.24742268,29,601206.2503,2,0.59347181,23793654.89,39,38,979333.56,8,4.115944207,20.51282051,29,820470.8583,11,3.470031546,-1775144.09,服务业
E258,***国际货运有限公司,15662959.58,248,248,1033470.71,34,6.598182832,13.70967742,37,423323.2319,23,1.030004478,68046478.54,193,191,1033470.71,34,1.518771775,17.61658031,37,1839094.015,52,2.18487395,52383518.96,交通运输、仓储业和邮政业
E259,***文化传媒有限公司,19761380.98,521,521,2112947.57,81,10.69230724,15.54702495,36,548927.2494,22,0.947867299,31725623.11,211,210,2112947.57,81,6.660066416,38.38862559,36,881267.3086,16,2.263083451,11964242.13,文化、体育、娱乐业
E260,***广告有限公司,20332238.69,258,258,915987.55,19,4.505099335,7.364341085,36,564784.4081,9,0.670141474,22168583.16,289,288,915987.55,19,4.131917423,6.574394464,36,615793.9767,24,1.708185053,1836344.47,文化、体育、娱乐业
E261,***医疗器械有限公司,9843435.94,457,457,568372.5,35,5.774127078,7.658643326,36,273428.7761,9,0.67264574,15967699.38,131,130,568372.5,35,3.559514032,26.71755725,36,443547.205,24,1.755669349,6415078.44,医药
E262,个体经营E262 ,18858875.21,42,42,347110.52,5,1.840568518,11.9047619,35,538825.006,0,0,24523963.3,199,198,347110.52,5,1.415393245,2.512562814,35,700684.6657,9,1.37195122,66150932.56,个体
E263,***通信工程有限公司,15049140.91,148,148,153410.55,4,1.019397392,2.702702703,36,418031.6919,1,0.204081633,26231558.89,15,15,153410.55,4,0.584831998,26.66666667,36,728654.4136,18,4.455445545,10675760.98,信息传输、计算机服务和软件业
E264,个体经营E264 ,27083599.91,1502,1502,6756171.58,108,24.94561876,7.190412783,24,1128483.33,11,0.732356858,1173035.7,8,8,6756171.58,108,575.9561776,1350,21,55858.84286,0,0,6415078.44,个体
E265,***净化工程有限公司,23719602.21,477,475,3882884.72,36,16.3699403,7.547169811,32,741237.5691,13,0.660569106,23812366.63,62,62,3882884.72,36,16.30616889,58.06451613,32,744136.4572,16,3.990024938,1123061.24,科学研究、技术服务和地质勘查业
E266,***煤矿机械有限公司,1331567.42,83,83,184441,4,13.85142031,4.819277108,35,38044.78343,2,0.692041522,26289597.49,16,15,184441,4,0.701574073,25,33,796654.4694,9,2,828871.59,制造业
E267,***林园艺场,1041604,41,41,11074,3,1.06316796,7.317073171,18,57866.88889,0,0,17493142.05,11,11,11074,3,0.063304808,27.27272727,17,1029008.356,5,2.475247525,-1775144.09,农业
E268,***建筑劳务有限公司,6029728,19,19,217000,2,3.598835636,10.52631579,26,231912.6154,0,0,25591515.94,9,9,217000,2,0.847937264,22.22222222,36,710875.4428,9,2.631578947,19561787.94,服务业
E269,***节能服务有限公司,1035305.25,69,69,2599,1,0.251037073,1.449275362,31,33396.94355,0,0,30060690.45,19,19,2599,1,0.008645843,5.263157895,35,858876.87,9,4.639175258,29025385.2,科学研究、技术服务和地质勘查业
E270,个体经营E270 ,6742372.37,90,90,97186.64,8,1.441430919,8.888888889,35,192639.2106,4,0.729927007,20044158.2,40,40,97186.64,8,0.484862667,20,34,589534.0647,10,2.985074627,13301785.83,个体
E271,***科技有限公司,30113470.37,507,507,2127275.18,37,7.064198028,7.297830375,36,836485.2881,8,0.488400488,30204201.37,94,93,2127275.18,37,7.042977743,39.36170213,36,839005.5936,15,3.409090909,90731,科学研究、技术服务和地质勘查业
E272,个体经营E272 ,4830779.88,283,282,343423.9,22,7.1090778,7.77385159,35,138022.2823,14,1.198630137,13847647.5,72,71,343423.9,22,2.48001619,30.55555556,35,395647.0714,33,6.088560886,9016867.62,个体
E273,个体经营E273 ,10496619.8,318,317,1178142.25,38,11.22401566,11.94968553,28,374879.2786,18,1.232876712,23004728.28,5120,5117,1178142.25,38,5.121304784,0.7421875,34,676609.6553,13,0.163296068,12508108.48,个体
E274,***建筑劳务有限公司,36788,9,9,0,0,0,0,20,1839.4,0,0,11733690.96,15,15,0,0,0,0,20,586684.548,2,1.470588235,11696902.96,服务业
E275,***网络工程有限公司,1784574.95,97,97,207534.31,9,11.62934121,9.278350515,34,52487.49853,6,1.648351648,20636866.03,45,45,207534.31,9,1.005648385,20,37,557753.1359,24,6.722689076,18345634.08,信息传输、计算机服务和软件业
E276,***体育设施工程有限公司,4290675.12,243,243,568260.6,12,13.2440836,4.938271605,32,134083.5975,1,0.097847358,12182839.35,20,20,568260.6,12,4.664434814,60,36,338412.2042,8,4.733727811,7892164.23,制造业
E277,***消防设备制造有限公司,14119097.81,81,81,654957.71,7,4.638807088,8.641975309,29,486865.4417,2,0.626959248,18107878.28,36,35,654957.71,7,3.616976544,19.44444444,29,624409.5959,1,0.393700787,3988780.47,制造业
E278,***贸易有限公司,12680187.66,98,98,1371527.84,5,10.81630554,5.102040816,36,352227.435,2,0.514138817,13017866,38,38,1371527.84,5,10.53573481,13.15789474,36,361607.3889,2,0.900900901,337678.34,批发零售业
E279,***环保包装有限公司,18815634.03,90,90,944430.34,9,5.019391526,10,29,648814.9666,4,0.666666667,22943219.65,7,7,944430.34,9,4.116381024,128.5714286,29,791145.5052,33,6.6,4127585.62,制造业
E280,个体经营E280 ,14112182.98,103,103,150698.92,6,1.067863988,5.825242718,28,504006.535,0,0,17080553.21,125,125,150698.92,6,0.882283601,4.8,35,488015.806,4,0.72859745,2968370.23,个体
E281,***商业管理有限责任公司,21614464.91,186,186,698503.06,30,3.231646321,16.12903226,33,654983.7852,0,0,16333110.18,43,43,698503.06,30,4.276607776,69.76744186,32,510409.6931,3,0.54446461,-5281354.73,服务业
E282,***影城有限公司***分公司,12876647.51,93,91,835464.45,21,6.488214027,22.58064516,37,348017.5003,19,2.526595745,21071603.49,562,561,835464.45,21,3.964883121,3.736654804,37,569502.797,18,0.918836141,8194955.98,文化、体育、娱乐业
E283,***机械铸造有限责任公司,17369732.99,107,107,860171.46,17,4.952128283,15.88785047,36,482492.5831,0,0,19645465.23,20,20,860171.46,17,4.378473352,85,36,545707.3675,0,0,2275732.24,制造业
E284,***成焊科技有限公司,12229856.17,120,120,942918.02,20,7.709968187,16.66666667,37,330536.6532,5,0.49652433,16027714.88,125,125,942918.02,20,5.883047128,16,36,445214.3022,2,0.466200466,3797858.71,制造业
E285,个体经营E285 ,18423110.88,224,224,2712434.2,18,14.72299775,8.035714286,35,526374.5966,4,0.547945205,30216720.82,53,53,2712434.2,18,8.976600129,33.96226415,35,863334.8806,7,1.528384279,11793609.94,个体
E286,***印务有限公司,12889214.06,79,79,571203.2,11,4.431637161,13.92405063,23,560400.6113,0,0,12127861.53,32,31,571203.2,11,4.709842692,34.375,23,527298.3274,5,2.512562814,-761352.53,制造业
E287,***鞋材有限公司,16489546.81,94,94,1617929.11,22,9.811847036,23.40425532,36,458042.9669,3,0.710900474,15043409.13,26,26,1617929.11,22,10.75506952,84.61538462,36,417872.4758,1,0.374531835,-1446137.68,批发零售业
E288,个体经营E288 ,15170160.33,125,125,407405.87,6,2.685573924,4.8,31,489360.0106,1,0.173913043,16013736.53,36,35,407405.87,6,2.544102491,16.66666667,33,485264.7433,4,1.666666667,843576.2,个体
E289,***运业有限公司***分公司,7872247.51,170,170,546736.07,9,6.945107726,5.294117647,37,212763.4462,9,0.272149985,21051602.52,398,394,546736.07,9,2.597123281,2.261306533,36,584766.7367,24,1.531589024,13179355.01,交通运输、仓储业和邮政业
E290,***机电有限公司,6097913.97,218,218,108476.58,11,1.778912929,5.04587156,37,164808.4857,6,0.698486612,16894268.32,110,109,108476.58,11,0.642091021,10,36,469285.2311,19,1.923076923,10796354.35,制造业
E291,***文业建设工程有限公司,18636178.8,117,117,1558453.97,15,8.362518876,12.82051282,35,532462.2514,9,2.419354839,11223475.72,5,5,1558453.97,15,13.8856626,300,26,431672.1431,2,1.550387597,-7412703.08,建筑业
E292,***物流有限公司,7488457,83,83,103169.1,5,1.377708385,6.024096386,34,220248.7353,0,0,11604986.87,20,20,103169.1,5,0.889006607,25,34,341323.1432,2,0.156494523,4116529.87,交通运输、仓储业和邮政业
E293,***物资有限公司,8573544.46,27,27,1116416.09,2,13.02163994,7.407407407,35,244958.4131,0,0,7696185.75,3,3,1116416.09,2,14.50609596,66.66666667,36,213782.9375,0,0,-877358.71,批发零售业
E294,个体经营E294 ,4566083.58,234,234,384456.18,15,8.419823537,6.41025641,29,157451.1579,4,0.473372781,22641319.89,47,47,384456.18,15,1.69802901,31.91489362,35,646894.854,1,0.322580645,18075236.31,个体
E295,***电器设备制造有限公司,12865263.94,213,213,981971.6,23,7.632735749,10.79812207,36,357368.4428,1,0.122249389,13675456.42,57,56,981971.6,23,7.180539865,40.35087719,36,379873.7894,3,1.45631068,810192.48,制造业
E296,***装饰设计工程有限公司,5806430.69,381,381,2093957.8,47,36.0627365,12.33595801,32,181450.9591,28,1.93637621,12371267.16,18,18,2093957.8,47,16.92597672,261.1111111,33,374886.8836,19,8.675799087,6564836.47,服务业
E297,***建筑机械租赁有限公司,11818960,10,10,0,0,0,0,31,381256.7742,0,0,13646000.04,3,3,0,0,0,0,23,593304.3496,0,0,1827040.04,租赁和商务服务业
E298,***电器维护服务有限公司,5748300.06,70,70,85285.55,7,1.48366559,10,28,205296.4307,10,1.10864745,16228313.17,253,251,85285.55,7,0.52553552,2.766798419,37,438603.0586,29,1.19047619,10480013.11,制造业
E299,***压缩天然气有限责任公司,26824293.29,109,109,467199.75,13,1.741703854,11.9266055,37,724980.8997,6,1.052631579,19682705.99,265,265,467199.75,13,2.373656093,4.905660377,37,531965.0268,6,1.212121212,-7141587.3,电力、热力、燃气及水的生产和供应业
E300,***建设工程有限公司,16132911.69,232,232,652431.66,21,4.044103585,9.051724138,34,474497.4026,2,0.267737617,18538935.79,23,23,652431.66,21,3.519250875,91.30434783,32,579341.7434,4,1.793721973,2406024.1,建筑业
E301,***企业管理咨询有限公司,4118577.67,789,789,375370.51,40,9.114081124,5.069708492,35,117673.6477,7,0.235610905,15413221.3,119,118,375370.51,40,2.435380007,33.61344538,33,467067.3121,8,1.869158879,11294643.63,服务业
E302,***机电设备有限公司,3494287.41,236,236,933276.94,32,26.70864845,13.55932203,37,94440.20027,8,0.889877642,9362480.97,33,33,933276.94,32,9.968265281,96.96969697,36,260068.9158,1,0.383141762,5868193.56,制造业
E303,***图书发行有限公司,2423111.97,108,108,747388.52,6,30.84415946,5.555555556,37,65489.5127,1,0.146627566,16347545.81,42,42,747388.52,6,4.571869862,14.28571429,37,441825.5624,1,0.317460317,13924433.84,文化、体育、娱乐业
E304,***环保科技有限公司,19039870.27,142,142,502817,14,2.640863582,9.85915493,36,528885.2853,1,0.170068027,9378613.35,198,198,502817,14,5.361314954,7.070707071,36,260517.0375,0,0,-9661256.92,科学研究、技术服务和地质勘查业
E305,***劳务有限公司,19564194.07,164,164,113467,12,0.579972779,7.317073171,35,558976.9734,0,0,47837106.24,4,4,113467,12,0.237194531,300,36,1328808.507,2,0.62305296,28272912.17,服务业
E306,个体经营E306 ,3947691.98,340,339,124670.85,18,3.158069339,5.294117647,30,131589.7327,5,0.408163265,12549784.6,64,63,124670.85,18,0.993410277,28.125,35,358565.2743,7,2.127659574,8602092.62,个体
E307,***通信工程有限公司,3229215.43,110,110,9942,5,0.307876641,4.545454545,32,100912.9822,0,0,6136165.47,10,10,9942,5,0.16202301,50,30,204538.849,0,0,2400293.04,信息传输、计算机服务和软件业
E308,***餐饮文化服务有限公司,8393697.35,64,63,391217.7,11,4.66085068,17.1875,36,233158.2597,9,1.848049281,11938831.56,1535,1534,391217.7,11,3.276850821,0.716612378,36,331634.21,11,0.681959082,2831789.21,住宿餐饮
E309,个体经营E309 ,6796476.2,194,194,779361.6,21,11.46714234,10.82474227,31,219241.1677,14,1.498929336,12733306.41,38,37,779361.6,21,6.120653779,55.26315789,35,363808.7546,2,1.162790698,5936830.21,个体
E310,***律师事务所,3856558.92,480,479,137636,20,3.568881038,4.166666667,30,128551.964,9,0.489396411,11111512.29,449,443,137636,20,1.238679276,4.454342984,30,370383.743,30,3.198294243,7254953.37,服务业
E311,***律师事务所,2146017.87,346,345,75740.33,20,3.529342931,5.780346821,26,82539.14885,22,0.875099443,10671429.46,131,125,75740.33,20,0.709748683,15.26717557,25,426857.1784,18,4.379562044,8525411.59,服务业
E312,***家居用品有限公司,83614546.01,906,905,6199590.48,111,7.414488,12.25165563,36,2322626.278,31,0.699300699,12251621.22,190,189,6199590.48,111,50.60220495,58.42105263,36,340322.8117,15,2.252252252,-71362924.79,批发零售业
E313,***物流有限公司,8138200.39,63,63,224295.19,3,2.756078485,4.761904762,37,219951.3619,5,1.538461538,13222546.68,29,26,224295.19,3,1.696308551,10.34482759,37,357366.1265,8,2.867383513,5084346.29,交通运输、仓储业和邮政业
E314,***房地产营销策划有限公司,3092942.85,233,233,10769.41,9,0.348192984,3.862660944,32,96654.46406,39,3.152789006,7405442.54,5,5,10769.41,9,0.14542561,180,35,211584.0726,2,1.818181818,4312499.69,服务业
E315,***轮胎有限公司,2443360.33,95,94,461094.35,7,18.87132014,7.368421053,36,67871.12028,4,1.063829787,11439913.57,140,140,461094.35,7,4.030575469,5,36,317775.3769,3,0.195694716,8996553.24,制造业
E316,个体经营E316 ,2817553.65,185,185,52214.8,9,1.8531963,4.864864865,35,80501.53286,3,0.397877984,10820742.97,22,22,52214.8,9,0.482543575,40.90909091,34,318257.1462,13,3.217821782,8003189.32,个体
E317,***科技有限公司,1734789.89,107,107,179007.58,7,10.31868937,6.542056075,31,55960.96419,3,0.864553314,5715048.96,33,32,179007.58,7,3.132214286,21.21212121,31,184356.4181,10,5.847953216,3980259.07,科学研究、技术服务和地质勘查业
E318,***商贸有限公司,1276891.56,25,25,9209.88,2,0.721273465,8,37,34510.5827,2,0.673400673,11136065.79,16,16,9209.88,2,0.082703175,12.5,37,300974.7511,2,0.573065903,9859174.23,批发零售业
E319,个体经营E319 ,8395262.15,36,36,413781.43,4,4.928749366,11.11111111,29,289491.7983,1,0.568181818,13556534.74,174,174,413781.43,4,3.052265479,2.298850575,35,387329.564,6,0.868306802,5161272.59,个体
E320,***建筑设计有限公司,6765048.12,77,77,121250,1,1.792300629,1.298701299,32,211407.7538,0,0,8499217.04,5,5,121250,1,1.426601997,20,15,566614.4693,0,0,1734168.92,建筑业
E321,***生物流有限公司,5929272.51,15,15,261010.94,1,4.402073603,6.666666667,36,164702.0142,1,1.612903226,11319199.69,125,125,261010.94,1,2.305913379,0.8,36,314422.2136,6,1.643835616,5389927.18,科学研究、技术服务和地质勘查业
E322,***装饰工程设计有限公司,10250591.05,230,228,656848.21,16,6.407905718,6.956521739,29,353468.6569,12,1.357466063,10070044.29,14,14,656848.21,16,6.522793655,114.2857143,29,347242.9066,43,5.168269231,-180546.76,建筑业
E323,***建筑装饰工程有限公司,4315841.96,144,144,682325.29,21,15.80978396,14.58333333,25,172633.6784,4,0.854700855,5482348.52,14,14,682325.29,21,12.4458576,150,22,249197.66,0,0,1166506.56,建筑业
E324,***汽贸有限公司,91927033.15,82,82,3706436.73,16,4.031933375,19.51219512,36,2553528.699,6,0.382409178,13801263.37,41,41,3706436.73,16,26.85577857,39.02439024,36,383368.4269,6,1.769911504,-78125769.78,批发零售业
E325,***通讯器材有限公司,35538257.46,63,63,866989.1,12,2.439593728,19.04761905,36,987173.8183,12,2.339181287,11491404.96,1498,1495,866989.1,12,7.544674503,0.801068091,37,310578.5124,29,0.724818795,-24553509.5,信息传输、计算机服务和软件业
E326,***包装材料有限公司,10208729.25,38,38,742301,5,7.271237995,13.15789474,33,309355.4318,0,0,11078618.6,36,36,742301,5,6.70030287,13.88888889,32,346206.8313,0,0,869889.35,制造业
E327,个体经营E327 ,12361512.57,61,61,944414.54,5,7.639959387,8.196721311,29,426259.0541,0,0,17995408.78,7,7,944414.54,5,5.248086062,71.42857143,35,514154.5366,1,0.398406375,5633896.21,个体
E328,***科技有限公司,2600801.22,92,92,536556.95,8,20.63044826,8.695652174,29,89682.80069,5,1.118568233,8339064.06,43,43,536556.95,8,6.434258643,18.60465116,28,297823.7164,4,2.777777778,5738262.84,科学研究、技术服务和地质勘查业
E329,***园艺有限责任公司,1327,4,4,0,0,0,0,25,53.08,0,0,11070606.1,14,14,0,0,0,0,29,381745.0379,0,0,11069279.1,农业
E330,***酒店管理有限公司,2871321.34,233,232,201044.54,14,7.001812622,6.008583691,34,84450.62765,6,0.446428571,8297018.33,1418,1418,201044.54,14,2.423093839,0.987306065,37,224243.7386,34,0.437411553,4712351.99,住宿餐饮
E331,***广告有限公司,1272092.22,77,77,72691,3,5.714286972,3.896103896,36,35335.895,1,0.71942446,6039945.03,13,12,72691,3,1.203504331,23.07692308,33,183028.6373,3,3.409090909,4767852.81,服务业
E332,***商贸有限公司,18434357.43,207,206,720942.25,13,3.910861839,6.280193237,36,512065.4842,5,0.611995104,30588960.18,6,6,720942.25,13,2.356870733,216.6666667,26,1176498.468,3,0.793650794,12154602.75,批发零售业
E333,***房地产营销策划有限公司,1426080.6,185,185,16131,5,1.131142237,2.702702703,34,41943.54706,5,0.592417062,7120404.6,5,5,16131,5,0.226546115,100,32,222512.6437,1,0.787401575,5694324,服务业
E334,***机械科技有限公司,6299718.03,25,25,21846.7,3,0.346788537,12,30,209990.601,0,0,7529936.97,20,19,21846.7,3,0.290131247,15,29,259652.999,6,3.243243243,1230218.94,制造业
E335,***挖掘机租赁经营部,3600455.01,58,58,456343,5,12.67459248,8.620689655,25,144018.2004,0,0,5453445.84,9,9,456343,5,8.367975284,55.55555556,24,227226.91,0,0,1852990.83,租赁和商务服务业
E336,***猕猴桃专业合作社,262138,4,4,0,0,0,0,24,10922.41667,0,0,2876876.5,19,19,0,0,0,0,28,102745.5893,0,0,2614738.5,农业
E337,个体经营E337 ,318168.78,35,35,4499,3,1.414029371,8.571428571,35,9090.536571,0,0,11315825.15,99,99,4499,3,0.039758479,3.03030303,35,323309.29,7,1.032448378,10997656.37,个体
E338,***商贸有限公司,602748.61,89,89,20300,1,3.367904905,1.123595506,31,19443.50355,2,0.796812749,7358057.11,4,4,20300,1,0.275888046,25,36,204390.4753,0,0,6755308.5,批发零售业
E339,***居益卫浴家俬厂,3332779.6,32,32,0,0,0,0,22,151489.9818,0,0,3899767.09,36,36,0,0,0,0,21,185703.1948,4,2.380952381,566987.49,制造业
E340,***物流有限公司,32170,4,4,4500,1,13.98818775,25,23,1398.695652,0,0,6827724.23,45,44,4500,1,0.065907759,2.222222222,35,195077.8351,11,8.02919708,6795554.23,交通运输、仓储业和邮政业
E341,***纺织品有限公司,1645069.24,15,15,0,0,0,0,17,96768.77882,0,0,3378699.3,26,26,0,0,0,0,17,198747.0176,0,0,1733630.06,轻工业
E342,***裕华机械厂,2570590.78,55,55,99363.84,9,3.865408714,16.36363636,37,69475.42649,1,0.408163265,4929621.64,22,22,99363.84,9,2.015648406,40.90909091,35,140846.3326,1,0.757575758,2359030.86,制造业
E343,***五金工具经营部,840,1,1,0,0,0,0,24,35,0,0,2551960.05,29,29,0,0,0,0,36,70887.77917,10,2.493765586,2551120.05,批发零售业
E344,***机械有限公司,1591937.89,50,50,23572,2,1.480711035,4,37,43025.34838,2,1.694915254,2301371.92,54,53,23572,2,1.024258608,3.703703704,36,63926.99778,5,5.681818182,709434.03,制造业
E345,***科技有限公司,660828.14,105,105,4926,4,0.745428305,3.80952381,36,18356.33722,0,0,2248406.59,21,21,4926,4,0.219088488,19.04761905,36,62455.73861,0,0,1587578.45,科学研究、技术服务和地质勘查业
E346,个体经营E346 ,2659993.92,92,92,60399,8,2.270644288,8.695652174,35,75999.82629,7,1.437371663,2408534.78,106,106,60399,8,2.507707196,7.547169811,35,68815.27943,2,0.330578512,-251459.14,个体
E347,***不锈钢材料有限公司,1122899.58,34,34,6028,2,0.536824495,5.882352941,35,32082.84514,0,0,2117098.2,38,38,6028,2,0.284729353,5.263157895,35,60488.52,0,0,994198.62,制造业
E348,***酒店管理有限公司,792315.41,33,33,22618.7,4,2.854759571,12.12121212,31,25558.56161,4,2.083333333,2260862.78,986,983,22618.7,4,1.000445502,0.405679513,33,68510.99333,32,0.790123457,755202.37,住宿餐饮
E349,***营销策划广告有限公司,7446.05,7,7,0,0,0,0,28,265.9303571,0,0,3329073.81,2,2,0,0,0,0,22,151321.5368,0,0,3321627.76,服务业
E350,***演艺设备有限公司,442711.27,140,140,5266.43,5,1.189585709,3.571428571,31,14281.00871,1,0.160513644,1472460.75,30,30,5266.43,5,0.357661826,16.66666667,33,44620.02273,1,1.923076923,1029749.48,服务业
E351,***文化传播有限公司,308336.05,46,45,3138,1,1.017720763,2.173913043,28,11012.00179,1,1,1057514.98,14,14,3138,1,0.296733385,7.142857143,32,33047.34313,0,0,749178.93,文化、体育、娱乐业
E352,***居装饰工程有限公司,14736161.72,52,52,89465.2,4,0.607113316,7.692307692,35,421033.192,12,1.632653061,2649962.15,40,40,89465.2,4,3.376093504,10,34,77940.06324,0,0,-12086199.57,建筑业
E353,***税务师事务所有限公司,333444.78,104,104,41311,7,12.38915781,6.730769231,31,10756.28323,1,0.446428571,2734142.36,25,24,41311,7,1.510930835,28,31,88198.14065,4,5.882352941,2400697.58,服务业
E354,***广告有限公司,663680,11,11,17900,2,2.697082932,18.18181818,34,19520,0,0,2217049.23,62,62,17900,2,0.807379455,3.225806452,33,67183.31,7,2.389078498,1553369.23,服务业
E355,***地毯经营部,530560,2,2,530000,1,99.89445115,50,12,44213.33333,0,0,1194335.28,104,104,530000,1,44.37614871,0.961538462,25,47773.4112,0,0,663775.28,批发零售业
E356,***建材装饰部,16160,2,2,0,0,0,0,15,1077.333333,0,0,1507883.02,4,4,0,0,0,0,26,57995.50077,0,0,1491723.02,建筑业
E357,***家居经营部,66515.2,5,5,0,0,0,0,29,2293.627586,1,10,1330097.04,15,15,0,0,0,0,31,42906.35613,0,0,1263581.84,批发零售业
E358,***五金经营部,560,1,1,0,0,0,0,11,50.90909091,0,0,1604256.98,23,23,0,0,0,0,28,57294.89214,34,13.12741313,1603696.98,批发零售业
E359,***厨房用品经营部,560,1,1,0,0,0,0,12,46.66666667,0,0,1190765.02,33,32,0,0,0,0,23,51772.39217,3,1.339285714,1190205.02,批发零售业
E360,***建筑劳务有限公司,840,1,1,0,0,0,0,4,210,0,0,2610374.92,2,2,0,0,0,0,21,124303.5676,0,0,2609534.92,服务业
E361,***勘察设计工程有限公司,3337627.6,12,12,116815,3,3.499941096,25,31,107665.4065,0,0,4901439.63,27,27,116815,3,2.383279379,11.11111111,31,158110.9558,0,0,1563812.03,科学研究、技术服务和地质勘查业
E362,***建材有限公司,454098.8,61,61,53527,4,11.78752289,6.557377049,34,13355.84706,4,3.278688525,4207637.88,14,14,53527,4,1.272138942,28.57142857,36,116878.83,4,4.210526316,3753539.08,制造业
E363,***建筑工程设计有限公司,209465.44,38,38,6099,4,2.91169751,10.52631579,29,7222.946207,4,4.301075269,1072700.23,10,10,6099,4,0.568565181,40,26,41257.70115,0,0,863234.79,建筑业
E364,***电子有限公司,474093.95,23,23,0,0,0,0,37,12813.35,5,3.571428571,2029007.68,56,56,0,0,0,0,36,56361.32444,6,1.948051948,1048256.73,信息传输、计算机服务和软件业
E365,***信息技术有限公司,2073478.83,34,34,60738.73,3,2.929315174,8.823529412,37,56039.96838,1,0.793650794,3453091.74,16,16,60738.73,3,1.758966589,18.75,35,98659.764,0,0,872955.91,信息传输、计算机服务和软件业
E366,***房地产经纪有限公司,380061.31,6,6,0,0,0,0,26,14617.74269,0,0,1430221,5,5,0,0,0,0,34,42065.32353,0,0,1050159.69,服务业
E367,***电子商务有限公司,239857.65,15,15,30451.2,2,12.69553004,13.33333333,32,7495.551563,0,0,1996948.94,8,7,30451.2,2,1.52488626,25,32,62404.65438,10,5.050505051,1757091.29,租赁和商务服务业
E368,***通信科技有限责任公司,328134.16,38,38,241390,2,73.56442255,5.263157895,35,9375.261714,0,0,818690.09,4,4,241390,2,29.48490558,50,31,26409.35774,1,4.545454545,-16101.07,信息传输、计算机服务和软件业
E369,***网络技术有限公司,739394.18,31,31,66265,7,8.962066756,22.58064516,36,20538.72722,0,0,1416940.03,19,19,66265,7,4.676626999,36.84210526,36,39359.44528,2,1,170888.85,信息传输、计算机服务和软件业
E370,***设计服务部,840,2,2,257,1,30.5952381,50,14,60,0,0,2021150.33,89,88,257,1,0.012715531,1.123595506,28,72183.94036,9,1.914893617,2020310.33,服务业
E371,***自动化科技有限公司,204867.54,31,31,1215,1,0.593066134,3.225806452,30,6828.918,0,0,1237223.2,9,9,1215,1,0.098203784,11.11111111,29,42662.86897,0,0,1032355.66,科学研究、技术服务和地质勘查业
E372,***汽车维修有限责任公司,627323.7,54,54,20004,1,3.188784355,1.851851852,37,16954.69459,0,0,2065282.13,143,137,20004,1,0.968584374,0.699300699,36,57368.94806,21,3.917910448,1437958.43,服务业
E373,个体经营E373 ,22741199.41,105,105,630659.74,8,2.773203509,7.619047619,35,649748.5546,2,0.230414747,1320702.46,18,18,630659.74,8,47.75184109,44.44444444,35,37734.356,0,0,-21420496.95,个体
E374,***建材经营部,48560,2,2,0,0,0,0,13,3735.384615,0,0,1268347.17,47,47,0,0,0,0,23,55145.52913,0,0,1219787.17,制造业
E375,***电器经营部,560,1,1,0,0,0,0,11,50.90909091,0,0,985964.72,225,225,0,0,0,0,30,32865.49067,0,0,985404.72,制造业
E376,***建筑装饰设计有限责任公司,6560,2,2,0,0,0,0,18,364.4444444,0,0,566469.26,13,13,0,0,0,0,23,24629.09826,0,0,559909.26,服务业
E377,***文化传播有限公司,254772,29,29,2650,1,1.040145699,3.448275862,25,10190.88,0,0,779587.07,25,25,2650,1,0.339923544,4,28,27842.39536,2,3.448275862,524815.07,文化、体育、娱乐业
E378,***商贸有限公司,1318410.81,60,60,28095.76,5,2.131032284,8.333333333,31,42529.38097,4,0.583941606,877931.62,72,70,28095.76,5,3.200221903,6.944444444,36,24386.98944,9,3.020134228,-440479.19,批发零售业
E379,***药业有限公司,1428018.69,93,93,146893.74,10,10.28654184,10.75268817,37,38595.09973,3,0.81300813,2260264.93,49,49,146893.74,10,6.498961164,20.40816327,36,62785.13694,0,0,1123061.24,医药
E380,***建材有限公司,560,2,2,0,0,0,0,17,32.94117647,0,0,1226591.11,6,6,0,0,0,0,36,34071.97528,16,9.638554217,66150932.56,制造业
E381,***通信网络工程有限公司,97393355.96,195,195,2588480.14,26,2.657758442,13.33333333,36,2705370.999,4,0.226500566,1495993.29,14,14,2588480.14,26,173.0275234,185.7142857,36,41555.36917,17,21.25,-96404019.67,信息传输、计算机服务和软件业
E382,***教育信息咨询有限公司***分公司,760,2,2,0,0,0,0,12,63.33333333,0,0,516453.4,77,77,0,0,0,0,25,20658.136,0,0,6415078.44,科学研究、技术服务和地质勘查业
E383,***通讯器材经营部,234550,7,7,0,0,0,0,28,8376.785714,0,0,812322.31,10,10,0,0,0,0,20,40616.1155,7,6.306306306,1123061.24,批发零售业
E384,个体经营E384 ,2918989.4,78,78,160381.4,8,5.494415293,10.25641026,35,83399.69714,3,1.271186441,2003973.71,4,4,160381.4,8,8.003168864,200,30,66799.12367,0,0,828871.59,个体
E385,***装饰工程有限公司,14584,7,7,4600,2,31.54141525,28.57142857,31,470.4516129,0,0,471838.44,7,7,4600,2,0.974909971,28.57142857,19,24833.60211,1,8.333333333,-1775144.09,建筑业
E386,个体经营E386 ,197247.36,113,113,830,2,0.420791437,1.769911504,27,7305.457778,0,0,4145631.13,6,6,830,2,0.020021077,33.33333333,26,159447.3512,4,7.407407407,3948383.77,个体
E387,***农副产品经营部,1380,1,1,0,0,0,0,24,57.5,0,0,825146.78,8,8,0,0,0,0,28,29469.52786,0,0,823766.78,农业
E388,***商贸有限公司,105457.8,56,56,138,1,0.13085803,1.785714286,26,4056.069231,1,0.343642612,1031505.4,84,84,138,1,0.013378505,1.19047619,36,28652.92778,0,0,926047.6,批发零售业
E389,***清洁服务有限公司,2880,2,2,0,0,0,0,7,411.4285714,0,0,461618.42,2,2,0,0,0,0,16,28851.15125,0,0,458738.42,服务业
E390,***建筑工程有限公司,7278.8,14,14,0,0,0,0,27,269.5851852,0,0,794083.14,1,1,0,0,0,0,17,46710.77294,0,0,786804.34,建筑业
E391,***五金店,890,2,2,0,0,0,0,24,37.08333333,0,0,1313751,102,102,0,0,0,0,37,35506.78378,3,0.943396226,1312861,批发零售业
E392,***科技有限公司,93949.76,31,31,0,0,0,0,28,3355.348571,0,0,1009536.89,164,163,0,0,0,0,34,29692.26147,2,0.881057269,915587.13,科学研究、技术服务和地质勘查业
E393,***商贸有限责任公司,427228.24,6,6,26097,1,6.108444517,16.66666667,29,14732.00828,0,0,893770.03,164,164,26097,1,2.919878618,0.609756098,35,25536.28657,10,1.838235294,466541.79,批发零售业
E394,***环保设计研究院（有限合伙）,770078.85,131,131,105766,11,13.73443771,8.396946565,36,21391.07917,4,0.750469043,1071989.32,11,11,105766,11,9.866329638,100,25,42879.5728,0,0,301910.47,科学研究、技术服务和地质勘查业
E395,***网络科技有限公司,264456.02,37,37,14947,3,5.651979486,8.108108108,32,8264.250625,3,2.255639098,1900800.64,18,17,14947,3,0.78635285,16.66666667,30,63360.02133,3,3.191489362,1636344.62,科学研究、技术服务和地质勘查业
E396,***文化传播有限公司,498716.18,96,96,288134,3,57.77514578,3.125,35,14249.03371,0,0,618130.35,14,14,288134,3,46.61379271,21.42857143,31,19939.68871,3,4.615384615,119414.17,文化、体育、娱乐业
E397,***大闸蟹经营部,442640,4,4,0,0,0,0,27,16394.07407,0,0,650214.96,66,66,0,0,0,0,28,23221.96286,0,0,-505770.04,住宿餐饮
E398,***医疗管理咨询有限公司,80810.79,20,20,976,1,1.207759508,5,30,2693.693,0,0,618867.38,24,24,976,1,0.157707456,4.166666667,32,19339.60562,0,0,828871.59,医药
E399,***装饰工程有限公司,20171.2,13,13,0,0,0,0,24,840.4666667,0,0,442160.01,9,9,0,0,0,0,24,18423.33375,0,0,66150932.56,建筑业
E400,***办公用品经营部,71643.65,4,4,0,0,0,0,33,2171.019697,0,0,815647.97,21,21,0,0,0,0,35,23304.22771,0,0,2990422.05,批发零售业
E401,***遮阳技术发展中心,187070.85,10,10,0,0,0,0,28,6681.101786,0,0,314030.71,14,14,0,0,0,0,29,10828.64517,0,0,6415078.44,制造业
E402,***商贸有限公司,482208,5,5,0,0,0,0,33,14612.36364,0,0,470389.58,4,4,0,0,0,0,25,18815.5832,2,9.090909091,1123061.24,批发零售业
E403,***机械有限公司,100051.52,53,53,1086,2,1.085440781,3.773584906,33,3031.864242,0,0,1197548.35,10,10,1086,2,0.090685274,20,37,32366.17162,0,0,828871.59,制造业
E404,个体经营E404 ,936985,12,12,40500,1,4.322374424,8.333333333,34,27558.38235,0,0,830292.22,4,4,40500,1,4.877800734,25,34,24420.35941,0,0,-1775144.09,个体
E405,***职业技能服务有限公司,91339.12,5,5,10000,1,10.94821146,20,20,4566.956,0,0,591433,12,12,10000,1,1.690808595,8.333333333,28,21122.60714,0,0,500093.88,服务业
E406,***招投标代理有限公司,198023.79,34,34,0,0,0,0,25,7920.9516,0,0,831766.44,5,4,0,0,0,0,30,27725.548,1,4.166666667,633742.65,服务业
E407,***装饰工程有限公司,411244.18,53,53,1398,1,0.339944021,1.886792453,30,13708.13933,2,1.351351351,1848944.65,5,5,1398,1,0.0756107,20,26,71113.25577,2,6.451612903,1437700.47,服务业
E408,***空调制冷有限责任公司,67774.14,11,11,9999.96,1,14.75483127,9.090909091,30,2259.138,0,0,522142.94,10,10,9999.96,1,1.915176714,10,33,15822.51333,0,0,454368.8,制造业
E409,***塑胶有限公司,49699,5,5,0,0,0,0,24,2070.791667,0,0,216430.45,37,37,0,0,0,0,27,8015.942593,0,0,166731.45,制造业
E410,***网络科技有限公司,18876.17,10,10,0,0,0,0,28,674.1489286,4,3.80952381,406965.83,41,40,0,0,0,0,31,13127.93,1,1.538461538,-118567.34,信息传输、计算机服务和软件业
E411,***机电设备有限公司,251701.03,33,33,0,0,0,0,31,8119.388065,0,0,260305.24,28,26,0,0,0,0,34,7656.036471,4,5.970149254,8604.21,制造业
E412,***汽车贸易有限公司,69880.36,19,19,12000,3,17.1722069,15.78947368,34,2055.304706,0,0,320552.78,82,82,12000,3,3.74353328,3.658536585,35,9158.650857,0,0,250672.42,批发零售业
E413,***石材工艺品有限公司,27243.9,9,9,0,0,0,0,19,1433.889474,0,0,286978.87,7,7,0,0,0,0,31,9257.382903,0,0,259734.97,制造业
E414,***物流有限责任公司***分公司,10282.33,4,4,0,0,0,0,26,395.4742308,0,0,377087.37,6,6,0,0,0,0,13,29006.72077,0,0,366805.04,交通运输、仓储业和邮政业
E415,***广告设计服务部,18000,1,1,0,0,0,0,6,3000,0,0,85328.75,185,185,0,0,0,0,22,3878.579545,7,3.365384615,67328.75,服务业
E416,***科技有限公司,111757.72,5,5,72836.02,1,65.17314419,20,30,3725.257333,0,0,209414.41,5,5,72836.02,1,34.78080615,20,32,6544.200312,0,0,97656.69,科学研究、技术服务和地质勘查业
E417,***园林景观工程有限公司,173818.46,23,23,128,1,0.07364005,4.347826087,33,5267.226061,0,0,161669.92,2,2,128,1,0.079173664,50,16,10104.37,0,0,-12148.54,农业
E418,***营销策划有限公司,48995.44,31,31,0,0,0,0,30,1633.181333,0,0,425830.54,12,12,0,0,0,0,23,18514.3713,0,0,376835.1,文化、体育、娱乐业
E419,***科技有限公司,11909599.52,193,193,125378.72,18,1.052753451,9.32642487,37,321881.0681,13,1.017214397,52075.47,2,2,125378.72,18,240.7634919,900,18,2893.081667,0,0,-11857524.05,科学研究、技术服务和地质勘查业
E420,***康药房,2137589.36,20,20,11460,2,0.536117938,10,32,66799.6675,0,0,71630.27,72,72,11460,2,15.99882284,2.777777778,32,2238.445938,0,0,-1775144.09,医药
E421,***保温材料有限公司,32170,5,5,0,0,0,0,27,1191.481481,0,0,245700.76,5,5,0,0,0,0,30,8190.025333,0,0,66150932.56,制造业
E422,***童装店,960,2,2,0,0,0,0,13,73.84615385,0,0,27018.31,20,20,0,0,0,0,19,1422.016316,0,0,2990422.05,批发零售业
E423,***通风设备有限公司,69051.7,8,8,0,0,0,0,22,3138.713636,1,4.761904762,72786.4,3,3,0,0,0,0,31,2347.948387,0,0,6415078.44,制造业
E424,***贸易有限公司,271999.39,13,13,0,0,0,0,21,12952.3519,0,0,76896.42,21,21,0,0,0,0,25,3075.8568,2,5.405405405,1123061.24,批发零售业
E425,***商贸有限公司,62081.4,27,27,2678.84,2,4.315044442,7.407407407,23,2699.191304,3,2.586206897,85126.21,2,2,2678.84,2,3.146903874,100,15,5675.080667,0,0,828871.59,批发零售业
